site_id,family,locale,issue_type,count
reference.aspose.org,3d,vi,table_desc_not_translated,93
reference.aspose.org,pdf,tr,double_period,40
reference.aspose.org,pdf,th,double_period,38
reference.aspose.org,pdf,sv,double_period,34
reference.aspose.org,slides,bg,table_desc_not_translated,24
reference.aspose.org,cells,ru,table_desc_not_translated,22
reference.aspose.org,3d,ko,table_desc_not_translated,19
reference.aspose.org,cells,bg,table_desc_not_translated,18
reference.aspose.org,slides,ar,table_desc_not_translated,18
reference.aspose.org,3d,hi,table_desc_not_translated,17
reference.aspose.org,3d,fa,table_desc_not_translated,15
reference.aspose.org,pdf,fr,double_period,14
reference.aspose.org,pdf,ca,double_period,13
reference.aspose.org,pdf,ro,double_period,13
reference.aspose.org,cells,fa,table_desc_not_translated,12
docs.aspose.org,pdf,ar,link_path_corrupted,11
docs.aspose.org,pdf,bg,link_path_corrupted,11
docs.aspose.org,pdf,hr,link_path_corrupted,11
docs.aspose.org,pdf,pt,link_path_corrupted,11
docs.aspose.org,pdf,sv,link_path_corrupted,11
docs.aspose.org,pdf,tr,link_path_corrupted,11
docs.aspose.org,pdf,uk,link_path_corrupted,11
docs.aspose.org,pdf,vi,link_path_corrupted,11
docs.aspose.org,pdf,zh,link_path_corrupted,11
reference.aspose.org,3d,he,table_desc_not_translated,11
reference.aspose.org,pdf,hi,double_period,11
docs.aspose.org,pdf,cs,link_path_corrupted,10
docs.aspose.org,pdf,el,link_path_corrupted,10
docs.aspose.org,pdf,hu,link_path_corrupted,10
docs.aspose.org,pdf,ro,link_path_corrupted,10
reference.aspose.org,3d,es,newline_explosion,10
reference.aspose.org,3d,it,newline_explosion,10
reference.aspose.org,3d,lv,newline_explosion,10
reference.aspose.org,3d,ms,newline_explosion,10
reference.aspose.org,3d,nl,newline_explosion,10
reference.aspose.org,3d,no,newline_explosion,10
reference.aspose.org,3d,pl,newline_explosion,10
reference.aspose.org,3d,ru,table_desc_not_translated,10
reference.aspose.org,3d,sv,newline_explosion,10
reference.aspose.org,3d,tr,newline_explosion,10
reference.aspose.org,3d,vi,newline_explosion,10
reference.aspose.org,cells,he,table_desc_not_translated,10
docs.aspose.org,pdf,es,link_path_corrupted,9
docs.aspose.org,pdf,he,link_path_corrupted,9
docs.aspose.org,pdf,hi,link_path_corrupted,9
reference.aspose.org,3d,hu,newline_explosion,9
reference.aspose.org,3d,id,newline_explosion,9
reference.aspose.org,3d,lt,newline_explosion,9
reference.aspose.org,3d,pt,newline_explosion,9
reference.aspose.org,3d,sk,newline_explosion,9
reference.aspose.org,3d,uk,table_desc_not_translated,9
reference.aspose.org,3d,zh,table_desc_not_translated,9
reference.aspose.org,pdf,sr,double_period,9
docs.aspose.org,cells,ar,link_path_corrupted,8
docs.aspose.org,email,ar,link_path_corrupted,8
docs.aspose.org,email,bg,link_path_corrupted,8
docs.aspose.org,email,cs,link_path_corrupted,8
docs.aspose.org,email,el,link_path_corrupted,8
docs.aspose.org,email,es,link_path_corrupted,8
docs.aspose.org,email,fa,link_path_corrupted,8
docs.aspose.org,email,fr,link_path_corrupted,8
docs.aspose.org,email,he,link_path_corrupted,8
docs.aspose.org,email,hi,link_path_corrupted,8
docs.aspose.org,email,hr,link_path_corrupted,8
docs.aspose.org,email,hu,link_path_corrupted,8
docs.aspose.org,email,id,link_path_corrupted,8
docs.aspose.org,email,it,link_path_corrupted,8
docs.aspose.org,email,pt,link_path_corrupted,8
docs.aspose.org,email,ro,link_path_corrupted,8
docs.aspose.org,email,ru,link_path_corrupted,8
docs.aspose.org,email,sk,link_path_corrupted,8
docs.aspose.org,email,sv,link_path_corrupted,8
docs.aspose.org,email,th,link_path_corrupted,8
docs.aspose.org,email,tr,link_path_corrupted,8
docs.aspose.org,email,uk,link_path_corrupted,8
docs.aspose.org,email,vi,link_path_corrupted,8
docs.aspose.org,email,zh,link_path_corrupted,8
docs.aspose.org,pdf,ca,link_path_corrupted,8
docs.aspose.org,pdf,fa,link_path_corrupted,8
docs.aspose.org,pdf,ru,link_path_corrupted,8
docs.aspose.org,pdf,th,link_path_corrupted,8
reference.aspose.org,3d,es,link_path_corrupted,8
reference.aspose.org,3d,fa,newline_explosion,8
reference.aspose.org,3d,fi,link_path_corrupted,8
reference.aspose.org,3d,fi,newline_explosion,8
reference.aspose.org,3d,he,link_path_corrupted,8
reference.aspose.org,3d,hi,link_path_corrupted,8
reference.aspose.org,3d,it,link_path_corrupted,8
reference.aspose.org,3d,ko,link_path_corrupted,8
reference.aspose.org,3d,lt,link_path_corrupted,8
reference.aspose.org,3d,lv,link_path_corrupted,8
reference.aspose.org,3d,ms,link_path_corrupted,8
reference.aspose.org,3d,nl,link_path_corrupted,8
reference.aspose.org,3d,no,link_path_corrupted,8
reference.aspose.org,3d,pl,link_path_corrupted,8
reference.aspose.org,3d,ro,newline_explosion,8
reference.aspose.org,3d,sr,link_path_corrupted,8
reference.aspose.org,3d,sr,newline_explosion,8
reference.aspose.org,3d,sv,link_path_corrupted,8
reference.aspose.org,3d,th,link_path_corrupted,8
reference.aspose.org,3d,th,table_desc_not_translated,8
reference.aspose.org,3d,tr,link_path_corrupted,8
reference.aspose.org,3d,uk,link_path_corrupted,8
reference.aspose.org,3d,vi,link_path_corrupted,8
reference.aspose.org,slides,ru,table_desc_not_translated,8
docs.aspose.org,3d,ar,link_path_corrupted,7
docs.aspose.org,3d,bg,link_path_corrupted,7
docs.aspose.org,3d,el,link_path_corrupted,7
docs.aspose.org,3d,es,link_path_corrupted,7
docs.aspose.org,3d,fa,link_path_corrupted,7
docs.aspose.org,3d,fr,link_path_corrupted,7
docs.aspose.org,3d,he,link_path_corrupted,7
docs.aspose.org,3d,hi,link_path_corrupted,7
docs.aspose.org,3d,hr,link_path_corrupted,7
docs.aspose.org,3d,hu,link_path_corrupted,7
docs.aspose.org,3d,id,link_path_corrupted,7
docs.aspose.org,3d,it,link_path_corrupted,7
docs.aspose.org,3d,pt,link_path_corrupted,7
docs.aspose.org,3d,ru,link_path_corrupted,7
docs.aspose.org,3d,sv,link_path_corrupted,7
docs.aspose.org,3d,th,link_path_corrupted,7
docs.aspose.org,3d,tr,link_path_corrupted,7
docs.aspose.org,3d,uk,link_path_corrupted,7
docs.aspose.org,3d,vi,link_path_corrupted,7
docs.aspose.org,3d,zh,link_path_corrupted,7
docs.aspose.org,cells,bg,link_path_corrupted,7
docs.aspose.org,cells,el,link_path_corrupted,7
docs.aspose.org,cells,es,link_path_corrupted,7
docs.aspose.org,cells,he,link_path_corrupted,7
docs.aspose.org,cells,hi,link_path_corrupted,7
docs.aspose.org,cells,hu,link_path_corrupted,7
docs.aspose.org,cells,id,link_path_corrupted,7
docs.aspose.org,cells,pt,link_path_corrupted,7
docs.aspose.org,cells,ro,link_path_corrupted,7
docs.aspose.org,cells,ru,link_path_corrupted,7
docs.aspose.org,cells,sv,link_path_corrupted,7
docs.aspose.org,cells,th,link_path_corrupted,7
docs.aspose.org,cells,tr,link_path_corrupted,7
docs.aspose.org,cells,uk,link_path_corrupted,7
docs.aspose.org,cells,zh,link_path_corrupted,7
docs.aspose.org,email,ca,link_path_corrupted,7
docs.aspose.org,email,da,link_path_corrupted,7
docs.aspose.org,email,ja,link_path_corrupted,7
docs.aspose.org,email,ko,link_path_corrupted,7
docs.aspose.org,pdf,fi,link_path_corrupted,7
docs.aspose.org,pdf,fr,link_path_corrupted,7
reference.aspose.org,3d,fr,link_path_corrupted,7
reference.aspose.org,3d,he,newline_explosion,7
reference.aspose.org,3d,hi,newline_explosion,7
reference.aspose.org,3d,hr,newline_explosion,7
reference.aspose.org,3d,ko,newline_explosion,7
reference.aspose.org,3d,th,newline_explosion,7
reference.aspose.org,3d,uk,newline_explosion,7
reference.aspose.org,3d,zh,link_path_corrupted,7
reference.aspose.org,3d,zh,newline_explosion,7
reference.aspose.org,cells,hi,table_desc_not_translated,7
reference.aspose.org,cells,vi,table_desc_not_translated,7
docs.aspose.org,3d,cs,link_path_corrupted,6
docs.aspose.org,3d,da,link_path_corrupted,6
docs.aspose.org,3d,fi,link_path_corrupted,6
docs.aspose.org,3d,ja,link_path_corrupted,6
docs.aspose.org,3d,ko,link_path_corrupted,6
docs.aspose.org,3d,lt,link_path_corrupted,6
docs.aspose.org,3d,lv,link_path_corrupted,6
docs.aspose.org,3d,ms,link_path_corrupted,6
docs.aspose.org,3d,nl,link_path_corrupted,6
docs.aspose.org,3d,no,link_path_corrupted,6
docs.aspose.org,3d,pl,link_path_corrupted,6
docs.aspose.org,3d,ro,link_path_corrupted,6
docs.aspose.org,3d,sk,link_path_corrupted,6
docs.aspose.org,3d,sr,link_path_corrupted,6
docs.aspose.org,cells,ca,link_path_corrupted,6
docs.aspose.org,cells,cs,link_path_corrupted,6
docs.aspose.org,cells,fa,link_path_corrupted,6
docs.aspose.org,cells,vi,link_path_corrupted,6
docs.aspose.org,email,fi,link_path_corrupted,6
docs.aspose.org,email,lt,link_path_corrupted,6
docs.aspose.org,email,lv,link_path_corrupted,6
docs.aspose.org,email,ms,link_path_corrupted,6
docs.aspose.org,email,nl,link_path_corrupted,6
docs.aspose.org,email,no,link_path_corrupted,6
docs.aspose.org,email,pl,link_path_corrupted,6
docs.aspose.org,email,sr,link_path_corrupted,6
docs.aspose.org,pdf,id,link_path_corrupted,6
kb.aspose.org,3d,ko,double_period,6
reference.aspose.org,3d,ru,newline_explosion,6
reference.aspose.org,pdf,lt,double_period,6
reference.aspose.org,pdf,th,partial_script_contamination_gate31,6
reference.aspose.org,slides,vi,table_desc_not_translated,6
websites.aspose.org,aspose,ar,title_mismatch,6
websites.aspose.org,aspose,cs,title_mismatch,6
websites.aspose.org,aspose,da,title_mismatch,6
websites.aspose.org,aspose,el,title_mismatch,6
websites.aspose.org,aspose,fa,title_mismatch,6
websites.aspose.org,aspose,fi,title_mismatch,6
websites.aspose.org,aspose,he,title_mismatch,6
websites.aspose.org,aspose,hr,title_mismatch,6
websites.aspose.org,aspose,hu,title_mismatch,6
websites.aspose.org,aspose,ja,title_mismatch,6
websites.aspose.org,aspose,ko,title_mismatch,6
websites.aspose.org,aspose,lt,title_mismatch,6
websites.aspose.org,aspose,lv,title_mismatch,6
websites.aspose.org,aspose,ms,title_mismatch,6
websites.aspose.org,aspose,nl,title_mismatch,6
websites.aspose.org,aspose,no,title_mismatch,6
websites.aspose.org,aspose,pl,title_mismatch,6
websites.aspose.org,aspose,ro,title_mismatch,6
websites.aspose.org,aspose,sv,title_mismatch,6
websites.aspose.org,aspose,tr,title_mismatch,6
websites.aspose.org,aspose,zh,title_mismatch,6
docs.aspose.org,3d,ca,link_path_corrupted,5
docs.aspose.org,3d,de,link_path_corrupted,5
docs.aspose.org,barcode,sv,link_path_corrupted,5
docs.aspose.org,barcode,tr,link_path_corrupted,5
docs.aspose.org,barcode,vi,link_path_corrupted,5
docs.aspose.org,cells,da,link_path_corrupted,5
docs.aspose.org,cells,hr,link_path_corrupted,5
docs.aspose.org,cells,it,link_path_corrupted,5
docs.aspose.org,cells,sk,link_path_corrupted,5
docs.aspose.org,email,de,double_period,5
docs.aspose.org,pdf,ko,link_path_corrupted,5
docs.aspose.org,words,ar,link_path_corrupted,5
docs.aspose.org,words,ca,link_path_corrupted,5
docs.aspose.org,words,cs,link_path_corrupted,5
docs.aspose.org,words,da,link_path_corrupted,5
docs.aspose.org,words,he,link_path_corrupted,5
docs.aspose.org,words,hr,link_path_corrupted,5
docs.aspose.org,words,pt,link_path_corrupted,5
reference.aspose.org,3d,fa,link_path_corrupted,5
reference.aspose.org,cells,el,table_desc_not_translated,5
reference.aspose.org,cells,es,newline_explosion,5
reference.aspose.org,cells,fa,newline_explosion,5
reference.aspose.org,cells,fi,newline_explosion,5
reference.aspose.org,cells,fr,newline_explosion,5
reference.aspose.org,cells,he,newline_explosion,5
reference.aspose.org,cells,hi,newline_explosion,5
reference.aspose.org,cells,hr,newline_explosion,5
reference.aspose.org,cells,hu,newline_explosion,5
reference.aspose.org,cells,id,newline_explosion,5
reference.aspose.org,cells,it,newline_explosion,5
reference.aspose.org,cells,lt,newline_explosion,5
reference.aspose.org,cells,lv,newline_explosion,5
reference.aspose.org,cells,ms,newline_explosion,5
reference.aspose.org,cells,nl,newline_explosion,5
reference.aspose.org,cells,no,newline_explosion,5
reference.aspose.org,cells,pl,newline_explosion,5
reference.aspose.org,cells,pt,newline_explosion,5
reference.aspose.org,cells,ro,newline_explosion,5
reference.aspose.org,cells,ru,newline_explosion,5
reference.aspose.org,cells,sk,newline_explosion,5
reference.aspose.org,cells,sv,newline_explosion,5
reference.aspose.org,cells,th,newline_explosion,5
reference.aspose.org,cells,th,table_desc_not_translated,5
reference.aspose.org,cells,tr,newline_explosion,5
reference.aspose.org,cells,uk,newline_explosion,5
reference.aspose.org,cells,uk,table_desc_not_translated,5
reference.aspose.org,cells,vi,newline_explosion,5
reference.aspose.org,pdf,el,partial_script_contamination_gate31,5
reference.aspose.org,slides,hi,table_desc_not_translated,5
websites.aspose.org,aspose,bg,title_mismatch,5
websites.aspose.org,aspose,ca,title_mismatch,5
websites.aspose.org,aspose,de,title_mismatch,5
websites.aspose.org,aspose,fr,title_mismatch,5
websites.aspose.org,aspose,hi,title_mismatch,5
websites.aspose.org,aspose,ru,title_mismatch,5
websites.aspose.org,aspose,sr,title_mismatch,5
websites.aspose.org,aspose,th,title_mismatch,5
websites.aspose.org,aspose,uk,title_mismatch,5
docs.aspose.org,barcode,uk,link_path_corrupted,4
docs.aspose.org,email,de,link_path_corrupted,4
docs.aspose.org,pdf,lt,link_path_corrupted,4
docs.aspose.org,slides,sv,link_path_corrupted,4
docs.aspose.org,slides,tr,link_path_corrupted,4
docs.aspose.org,slides,vi,link_path_corrupted,4
docs.aspose.org,words,bg,table_desc_not_translated,4
docs.aspose.org,words,el,link_path_corrupted,4
docs.aspose.org,words,fi,link_path_corrupted,4
docs.aspose.org,words,hu,link_path_corrupted,4
docs.aspose.org,words,id,link_path_corrupted,4
docs.aspose.org,words,ru,link_path_corrupted,4
docs.aspose.org,words,tr,link_path_corrupted,4
docs.aspose.org,words,uk,link_path_corrupted,4
docs.aspose.org,words,vi,link_path_corrupted,4
kb.aspose.org,3d,fa,link_path_corrupted,4
kb.aspose.org,3d,fi,link_path_corrupted,4
kb.aspose.org,3d,fr,link_path_corrupted,4
kb.aspose.org,3d,he,link_path_corrupted,4
kb.aspose.org,3d,hu,link_path_corrupted,4
kb.aspose.org,3d,id,link_path_corrupted,4
kb.aspose.org,3d,it,link_path_corrupted,4
kb.aspose.org,3d,ja,link_path_corrupted,4
kb.aspose.org,3d,lv,link_path_corrupted,4
kb.aspose.org,3d,ms,link_path_corrupted,4
kb.aspose.org,3d,nl,link_path_corrupted,4
kb.aspose.org,3d,no,link_path_corrupted,4
kb.aspose.org,3d,ro,link_path_corrupted,4
kb.aspose.org,3d,ru,link_path_corrupted,4
kb.aspose.org,3d,sk,link_path_corrupted,4
kb.aspose.org,3d,sr,link_path_corrupted,4
kb.aspose.org,3d,tr,link_path_corrupted,4
kb.aspose.org,3d,uk,link_path_corrupted,4
kb.aspose.org,3d,vi,link_path_corrupted,4
kb.aspose.org,3d,zh,link_path_corrupted,4
reference.aspose.org,3d,ar,table_desc_not_translated,4
reference.aspose.org,3d,bg,table_desc_not_translated,4
reference.aspose.org,3d,el,table_desc_not_translated,4
reference.aspose.org,3d,fr,newline_explosion,4
reference.aspose.org,3d,ja,link_path_corrupted,4
reference.aspose.org,cells,sr,newline_explosion,4
reference.aspose.org,cells,zh,newline_explosion,4
reference.aspose.org,cells,zh,table_desc_not_translated,4
reference.aspose.org,email,bg,table_desc_not_translated,4
reference.aspose.org,note,ru,table_desc_not_translated,4
reference.aspose.org,pdf,he,partial_script_contamination_gate31,4
reference.aspose.org,pdf,zh,double_period,4
reference.aspose.org,slides,zh,table_desc_not_translated,4
websites.aspose.org,aspose,es,title_mismatch,4
websites.aspose.org,aspose,id,title_mismatch,4
websites.aspose.org,aspose,it,title_mismatch,4
websites.aspose.org,aspose,pt,title_mismatch,4
websites.aspose.org,aspose,sk,title_mismatch,4
websites.aspose.org,aspose,vi,title_mismatch,4
blog.aspose.org,cells,tr,code_fence_dropped,3
blog.aspose.org,cells,vi,code_fence_dropped,3
blog.aspose.org,slides,hu,code_fence_dropped,3
docs.aspose.org,barcode,ar,link_path_corrupted,3
docs.aspose.org,barcode,bg,link_path_corrupted,3
docs.aspose.org,barcode,ca,link_path_corrupted,3
docs.aspose.org,barcode,el,link_path_corrupted,3
docs.aspose.org,barcode,fa,link_path_corrupted,3
docs.aspose.org,barcode,fr,link_path_corrupted,3
docs.aspose.org,barcode,hi,link_path_corrupted,3
docs.aspose.org,barcode,hu,link_path_corrupted,3
docs.aspose.org,barcode,id,link_path_corrupted,3
docs.aspose.org,barcode,pt,link_path_corrupted,3
docs.aspose.org,barcode,ro,link_path_corrupted,3
docs.aspose.org,barcode,ru,link_path_corrupted,3
docs.aspose.org,barcode,th,link_path_corrupted,3
docs.aspose.org,barcode,zh,link_path_corrupted,3
docs.aspose.org,cells,de,link_path_corrupted,3
docs.aspose.org,cells,fi,link_path_corrupted,3
docs.aspose.org,cells,fr,link_path_corrupted,3
docs.aspose.org,cells,sv,code_fence_dropped,3
docs.aspose.org,cells,tr,code_fence_dropped,3
docs.aspose.org,cells,vi,code_fence_dropped,3
docs.aspose.org,page,ar,link_path_corrupted,3
docs.aspose.org,page,bg,link_path_corrupted,3
docs.aspose.org,page,ca,link_path_corrupted,3
docs.aspose.org,page,el,link_path_corrupted,3
docs.aspose.org,page,es,link_path_corrupted,3
docs.aspose.org,page,fa,link_path_corrupted,3
docs.aspose.org,page,he,link_path_corrupted,3
docs.aspose.org,page,hr,link_path_corrupted,3
docs.aspose.org,page,hu,link_path_corrupted,3
docs.aspose.org,page,pt,link_path_corrupted,3
docs.aspose.org,page,ro,link_path_corrupted,3
docs.aspose.org,page,sv,link_path_corrupted,3
docs.aspose.org,page,th,link_path_corrupted,3
docs.aspose.org,page,tr,link_path_corrupted,3
docs.aspose.org,page,uk,link_path_corrupted,3
docs.aspose.org,page,vi,link_path_corrupted,3
docs.aspose.org,page,zh,link_path_corrupted,3
docs.aspose.org,pdf,th,double_period,3
docs.aspose.org,slides,fa,link_path_corrupted,3
docs.aspose.org,slides,hi,link_path_corrupted,3
docs.aspose.org,slides,th,link_path_corrupted,3
docs.aspose.org,slides,uk,link_path_corrupted,3
docs.aspose.org,words,de,link_path_corrupted,3
docs.aspose.org,words,es,link_path_corrupted,3
docs.aspose.org,words,fr,link_path_corrupted,3
docs.aspose.org,words,hi,link_path_corrupted,3
docs.aspose.org,words,it,link_path_corrupted,3
docs.aspose.org,words,ko,link_path_corrupted,3
docs.aspose.org,words,lt,link_path_corrupted,3
docs.aspose.org,words,ro,link_path_corrupted,3
docs.aspose.org,words,sk,link_path_corrupted,3
docs.aspose.org,words,sv,link_path_corrupted,3
docs.aspose.org,words,zh,link_path_corrupted,3
kb.aspose.org,3d,cs,double_period,3
kb.aspose.org,3d,fi,code_fence_dropped,3
kb.aspose.org,3d,th,link_path_corrupted,3
kb.aspose.org,cells,ar,double_period,3
kb.aspose.org,cells,cs,double_period,3
kb.aspose.org,cells,de,double_period,3
kb.aspose.org,cells,tr,code_fence_dropped,3
kb.aspose.org,cells,vi,code_fence_dropped,3
kb.aspose.org,words,fa,double_period,3
kb.aspose.org,words,he,double_period,3
kb.aspose.org,words,zh,double_period,3
reference.aspose.org,cells,ar,table_desc_not_translated,3
reference.aspose.org,note,bg,table_desc_not_translated,3
reference.aspose.org,note,el,title_mismatch,3
reference.aspose.org,note,es,newline_explosion,3
reference.aspose.org,note,es,title_mismatch,3
reference.aspose.org,note,fa,newline_explosion,3
reference.aspose.org,note,fa,table_desc_not_translated,3
reference.aspose.org,note,fa,title_mismatch,3
reference.aspose.org,note,fi,newline_explosion,3
reference.aspose.org,note,fi,title_mismatch,3
reference.aspose.org,note,he,newline_explosion,3
reference.aspose.org,note,he,table_desc_not_translated,3
reference.aspose.org,note,he,title_mismatch,3
reference.aspose.org,note,hi,newline_explosion,3
reference.aspose.org,note,hi,table_desc_not_translated,3
reference.aspose.org,note,hi,title_mismatch,3
reference.aspose.org,note,hr,shortcode_leak,3
reference.aspose.org,note,hr,title_mismatch,3
reference.aspose.org,note,hu,newline_explosion,3
reference.aspose.org,note,hu,title_mismatch,3
reference.aspose.org,note,id,newline_explosion,3
reference.aspose.org,note,id,title_mismatch,3
reference.aspose.org,note,it,newline_explosion,3
reference.aspose.org,note,it,title_mismatch,3
reference.aspose.org,note,ja,title_mismatch,3
reference.aspose.org,note,ko,title_mismatch,3
reference.aspose.org,note,lt,newline_explosion,3
reference.aspose.org,note,lt,title_mismatch,3
reference.aspose.org,note,lv,newline_explosion,3
reference.aspose.org,note,lv,title_mismatch,3
reference.aspose.org,note,ms,newline_explosion,3
reference.aspose.org,note,ms,title_mismatch,3
reference.aspose.org,note,nl,newline_explosion,3
reference.aspose.org,note,nl,title_mismatch,3
reference.aspose.org,note,no,newline_explosion,3
reference.aspose.org,note,no,title_mismatch,3
reference.aspose.org,note,pl,newline_explosion,3
reference.aspose.org,note,pl,title_mismatch,3
reference.aspose.org,note,pt,newline_explosion,3
reference.aspose.org,note,pt,title_mismatch,3
reference.aspose.org,note,ro,newline_explosion,3
reference.aspose.org,note,ro,title_mismatch,3
reference.aspose.org,note,ru,newline_explosion,3
reference.aspose.org,note,ru,title_mismatch,3
reference.aspose.org,note,sk,newline_explosion,3
reference.aspose.org,note,sk,title_mismatch,3
reference.aspose.org,note,sr,shortcode_leak,3
reference.aspose.org,note,sr,title_mismatch,3
reference.aspose.org,note,sv,newline_explosion,3
reference.aspose.org,note,sv,title_mismatch,3
reference.aspose.org,note,th,title_mismatch,3
reference.aspose.org,note,tr,newline_explosion,3
reference.aspose.org,note,tr,title_mismatch,3
reference.aspose.org,note,uk,title_mismatch,3
reference.aspose.org,note,vi,newline_explosion,3
reference.aspose.org,note,vi,table_desc_not_translated,3
reference.aspose.org,note,vi,title_mismatch,3
reference.aspose.org,note,zh,newline_explosion,3
reference.aspose.org,note,zh,table_desc_not_translated,3
reference.aspose.org,note,zh,title_mismatch,3
reference.aspose.org,pdf,es,double_period,3
reference.aspose.org,slides,he,table_desc_not_translated,3
reference.aspose.org,slides,lt,double_period,3
reference.aspose.org,slides,sr,double_period,3
websites.aspose.org,groupdocs,ca,title_mismatch,3
websites.aspose.org,groupdocs,es,title_mismatch,3
websites.aspose.org,groupdocs,fa,title_mismatch,3
websites.aspose.org,groupdocs,fi,title_mismatch,3
websites.aspose.org,groupdocs,fr,title_mismatch,3
websites.aspose.org,groupdocs,hi,title_mismatch,3
websites.aspose.org,groupdocs,ja,title_mismatch,3
websites.aspose.org,groupdocs,ko,title_mismatch,3
websites.aspose.org,groupdocs,pl,title_mismatch,3
websites.aspose.org,groupdocs,pt,title_mismatch,3
websites.aspose.org,groupdocs,ru,title_mismatch,3
websites.aspose.org,groupdocs,sv,title_mismatch,3
websites.aspose.org,groupdocs,th,title_mismatch,3
websites.aspose.org,groupdocs,tr,title_mismatch,3
websites.aspose.org,groupdocs,uk,title_mismatch,3
websites.aspose.org,groupdocs,vi,title_mismatch,3
websites.aspose.org,groupdocs,zh,title_mismatch,3
blog.aspose.org,3d,ko,double_period,2
blog.aspose.org,cells,el,code_fence_dropped,2
blog.aspose.org,cells,es,code_fence_dropped,2
blog.aspose.org,cells,fa,code_fence_dropped,2
blog.aspose.org,cells,fi,code_fence_dropped,2
blog.aspose.org,cells,fr,code_fence_dropped,2
blog.aspose.org,cells,he,code_fence_dropped,2
blog.aspose.org,cells,hi,code_fence_dropped,2
blog.aspose.org,cells,it,code_fence_dropped,2
blog.aspose.org,cells,ja,code_fence_dropped,2
blog.aspose.org,cells,ja,double_period,2
blog.aspose.org,cells,ko,code_fence_dropped,2
blog.aspose.org,cells,lt,code_fence_dropped,2
blog.aspose.org,cells,lv,code_fence_dropped,2
blog.aspose.org,cells,ms,code_fence_dropped,2
blog.aspose.org,cells,nl,code_fence_dropped,2
blog.aspose.org,cells,no,code_fence_dropped,2
blog.aspose.org,cells,pl,code_fence_dropped,2
blog.aspose.org,cells,pt,code_fence_dropped,2
blog.aspose.org,cells,ro,code_fence_dropped,2
blog.aspose.org,cells,ru,code_fence_dropped,2
blog.aspose.org,cells,sk,code_fence_dropped,2
blog.aspose.org,cells,sr,code_fence_dropped,2
blog.aspose.org,cells,sv,code_fence_dropped,2
blog.aspose.org,cells,th,code_fence_dropped,2
blog.aspose.org,cells,uk,code_fence_dropped,2
blog.aspose.org,cells,zh,code_fence_dropped,2
blog.aspose.org,email,fa,code_fence_dropped,2
blog.aspose.org,email,th,code_fence_dropped,2
blog.aspose.org,email,tr,code_fence_dropped,2
blog.aspose.org,email,uk,code_fence_dropped,2
blog.aspose.org,email,vi,code_fence_dropped,2
blog.aspose.org,note,el,code_fence_dropped,2
blog.aspose.org,note,es,code_fence_dropped,2
blog.aspose.org,note,fa,code_fence_dropped,2
blog.aspose.org,note,fi,code_fence_dropped,2
blog.aspose.org,note,fr,code_fence_dropped,2
blog.aspose.org,note,he,code_fence_dropped,2
blog.aspose.org,note,hi,code_fence_dropped,2
blog.aspose.org,note,it,code_fence_dropped,2
blog.aspose.org,note,ja,code_fence_dropped,2
blog.aspose.org,note,ko,code_fence_dropped,2
blog.aspose.org,note,lt,code_fence_dropped,2
blog.aspose.org,note,lv,code_fence_dropped,2
blog.aspose.org,note,ms,code_fence_dropped,2
blog.aspose.org,note,nl,code_fence_dropped,2
blog.aspose.org,note,no,code_fence_dropped,2
blog.aspose.org,note,pl,code_fence_dropped,2
blog.aspose.org,note,pt,code_fence_dropped,2
blog.aspose.org,note,ro,code_fence_dropped,2
blog.aspose.org,note,ru,code_fence_dropped,2
blog.aspose.org,note,sk,code_fence_dropped,2
blog.aspose.org,note,sr,code_fence_dropped,2
blog.aspose.org,note,sv,code_fence_dropped,2
blog.aspose.org,note,th,code_fence_dropped,2
blog.aspose.org,note,tr,code_fence_dropped,2
blog.aspose.org,note,uk,code_fence_dropped,2
blog.aspose.org,note,vi,code_fence_dropped,2
blog.aspose.org,note,zh,code_fence_dropped,2
blog.aspose.org,slides,ar,code_fence_dropped,2
blog.aspose.org,slides,bg,code_fence_dropped,2
blog.aspose.org,slides,ca,code_fence_dropped,2
blog.aspose.org,slides,cs,code_fence_dropped,2
blog.aspose.org,slides,da,code_fence_dropped,2
blog.aspose.org,slides,de,code_fence_dropped,2
blog.aspose.org,slides,el,code_fence_dropped,2
blog.aspose.org,slides,es,code_fence_dropped,2
blog.aspose.org,slides,fa,code_fence_dropped,2
blog.aspose.org,slides,fi,code_fence_dropped,2
blog.aspose.org,slides,fr,code_fence_dropped,2
blog.aspose.org,slides,he,code_fence_dropped,2
blog.aspose.org,slides,hi,code_fence_dropped,2
blog.aspose.org,slides,hr,code_fence_dropped,2
blog.aspose.org,slides,id,code_fence_dropped,2
blog.aspose.org,slides,it,code_fence_dropped,2
blog.aspose.org,slides,ja,code_fence_dropped,2
blog.aspose.org,slides,ko,code_fence_dropped,2
blog.aspose.org,slides,lt,code_fence_dropped,2
blog.aspose.org,slides,lv,code_fence_dropped,2
blog.aspose.org,slides,ms,code_fence_dropped,2
blog.aspose.org,slides,nl,code_fence_dropped,2
blog.aspose.org,slides,no,code_fence_dropped,2
blog.aspose.org,slides,pl,code_fence_dropped,2
blog.aspose.org,slides,pt,code_fence_dropped,2
blog.aspose.org,slides,ro,code_fence_dropped,2
blog.aspose.org,slides,ru,code_fence_dropped,2
blog.aspose.org,slides,sk,code_fence_dropped,2
blog.aspose.org,slides,sr,code_fence_dropped,2
blog.aspose.org,slides,sv,code_fence_dropped,2
blog.aspose.org,slides,th,code_fence_dropped,2
blog.aspose.org,slides,tr,code_fence_dropped,2
blog.aspose.org,slides,uk,code_fence_dropped,2
blog.aspose.org,slides,vi,code_fence_dropped,2
blog.aspose.org,slides,zh,code_fence_dropped,2
docs.aspose.org,3d,de,double_period,2
docs.aspose.org,barcode,cs,link_path_corrupted,2
docs.aspose.org,barcode,es,link_path_corrupted,2
docs.aspose.org,barcode,he,link_path_corrupted,2
docs.aspose.org,cells,ar,empty_body,2
docs.aspose.org,cells,ca,empty_body,2
docs.aspose.org,cells,cs,empty_body,2
docs.aspose.org,cells,da,empty_body,2
docs.aspose.org,cells,de,empty_body,2
docs.aspose.org,cells,el,title_mismatch,2
docs.aspose.org,cells,es,empty_body,2
docs.aspose.org,cells,fa,empty_body,2
docs.aspose.org,cells,fi,empty_body,2
docs.aspose.org,cells,fr,empty_body,2
docs.aspose.org,cells,he,empty_body,2
docs.aspose.org,cells,hi,empty_body,2
docs.aspose.org,cells,hu,empty_body,2
docs.aspose.org,cells,id,empty_body,2
docs.aspose.org,cells,it,empty_body,2
docs.aspose.org,cells,ja,empty_body,2
docs.aspose.org,cells,ja,link_path_corrupted,2
docs.aspose.org,cells,ko,empty_body,2
docs.aspose.org,cells,ko,link_path_corrupted,2
docs.aspose.org,cells,lt,empty_body,2
docs.aspose.org,cells,lt,link_path_corrupted,2
docs.aspose.org,cells,lv,empty_body,2
docs.aspose.org,cells,lv,link_path_corrupted,2
docs.aspose.org,cells,ms,empty_body,2
docs.aspose.org,cells,ms,link_path_corrupted,2
docs.aspose.org,cells,nl,empty_body,2
docs.aspose.org,cells,nl,link_path_corrupted,2
docs.aspose.org,cells,no,empty_body,2
docs.aspose.org,cells,no,link_path_corrupted,2
docs.aspose.org,cells,pl,empty_body,2
docs.aspose.org,cells,pl,link_path_corrupted,2
docs.aspose.org,cells,ro,empty_body,2
docs.aspose.org,cells,ru,empty_body,2
docs.aspose.org,cells,sk,empty_body,2
docs.aspose.org,cells,sr,empty_body,2
docs.aspose.org,cells,sr,link_path_corrupted,2
docs.aspose.org,cells,sv,empty_body,2
docs.aspose.org,cells,tr,empty_body,2
docs.aspose.org,cells,uk,empty_body,2
docs.aspose.org,cells,vi,empty_body,2
docs.aspose.org,cells,zh,empty_body,2
docs.aspose.org,email,sv,code_fence_dropped,2
docs.aspose.org,email,tr,code_fence_dropped,2
docs.aspose.org,email,vi,code_fence_dropped,2
docs.aspose.org,font,ar,link_path_corrupted,2
docs.aspose.org,font,bg,link_path_corrupted,2
docs.aspose.org,font,ca,link_path_corrupted,2
docs.aspose.org,font,el,link_path_corrupted,2
docs.aspose.org,font,es,link_path_corrupted,2
docs.aspose.org,font,he,link_path_corrupted,2
docs.aspose.org,font,hr,link_path_corrupted,2
docs.aspose.org,font,hu,link_path_corrupted,2
docs.aspose.org,font,pt,link_path_corrupted,2
docs.aspose.org,font,ro,link_path_corrupted,2
docs.aspose.org,font,sv,link_path_corrupted,2
docs.aspose.org,font,tr,link_path_corrupted,2
docs.aspose.org,font,uk,link_path_corrupted,2
docs.aspose.org,font,vi,link_path_corrupted,2
docs.aspose.org,font,zh,link_path_corrupted,2
docs.aspose.org,page,cs,link_path_corrupted,2
docs.aspose.org,page,fi,link_path_corrupted,2
docs.aspose.org,page,hi,link_path_corrupted,2
docs.aspose.org,page,id,link_path_corrupted,2
docs.aspose.org,page,ko,link_path_corrupted,2
docs.aspose.org,page,lt,link_path_corrupted,2
docs.aspose.org,page,pl,link_path_corrupted,2
docs.aspose.org,page,ru,link_path_corrupted,2
docs.aspose.org,page,sr,link_path_corrupted,2
docs.aspose.org,pdf,sr,double_period,2
docs.aspose.org,pdf,sr,link_path_corrupted,2
docs.aspose.org,pdf,zh,title_mismatch,2
docs.aspose.org,slides,ar,double_period,2
docs.aspose.org,slides,ar,link_path_corrupted,2
docs.aspose.org,slides,bg,double_period,2
docs.aspose.org,slides,bg,link_path_corrupted,2
docs.aspose.org,slides,ca,double_period,2
docs.aspose.org,slides,ca,link_path_corrupted,2
docs.aspose.org,slides,cs,double_period,2
docs.aspose.org,slides,cs,link_path_corrupted,2
docs.aspose.org,slides,da,double_period,2
docs.aspose.org,slides,da,link_path_corrupted,2
docs.aspose.org,slides,de,double_period,2
docs.aspose.org,slides,de,link_path_corrupted,2
docs.aspose.org,slides,el,double_period,2
docs.aspose.org,slides,el,link_path_corrupted,2
docs.aspose.org,slides,es,double_period,2
docs.aspose.org,slides,es,link_path_corrupted,2
docs.aspose.org,slides,fr,link_path_corrupted,2
docs.aspose.org,slides,he,double_period,2
docs.aspose.org,slides,he,link_path_corrupted,2
docs.aspose.org,slides,hr,double_period,2
docs.aspose.org,slides,hr,link_path_corrupted,2
docs.aspose.org,slides,hu,double_period,2
docs.aspose.org,slides,hu,link_path_corrupted,2
docs.aspose.org,slides,id,double_period,2
docs.aspose.org,slides,id,link_path_corrupted,2
docs.aspose.org,slides,it,double_period,2
docs.aspose.org,slides,it,link_path_corrupted,2
docs.aspose.org,slides,ja,link_path_corrupted,2
docs.aspose.org,slides,ko,link_path_corrupted,2
docs.aspose.org,slides,pt,double_period,2
docs.aspose.org,slides,pt,link_path_corrupted,2
docs.aspose.org,slides,ro,double_period,2
docs.aspose.org,slides,ro,link_path_corrupted,2
docs.aspose.org,slides,ru,double_period,2
docs.aspose.org,slides,ru,link_path_corrupted,2
docs.aspose.org,slides,sk,double_period,2
docs.aspose.org,slides,sk,link_path_corrupted,2
docs.aspose.org,tex,ar,link_path_corrupted,2
docs.aspose.org,tex,bg,link_path_corrupted,2
docs.aspose.org,tex,ca,link_path_corrupted,2
docs.aspose.org,tex,el,link_path_corrupted,2
docs.aspose.org,tex,he,link_path_corrupted,2
docs.aspose.org,tex,hr,link_path_corrupted,2
docs.aspose.org,tex,pt,link_path_corrupted,2
docs.aspose.org,tex,sv,link_path_corrupted,2
docs.aspose.org,tex,th,link_path_corrupted,2
docs.aspose.org,tex,tr,link_path_corrupted,2
docs.aspose.org,tex,uk,link_path_corrupted,2
docs.aspose.org,tex,vi,link_path_corrupted,2
docs.aspose.org,tex,zh,link_path_corrupted,2
docs.aspose.org,words,bg,link_path_corrupted,2
docs.aspose.org,words,es,double_period,2
docs.aspose.org,words,fa,link_path_corrupted,2
docs.aspose.org,words,lv,link_path_corrupted,2
docs.aspose.org,words,ms,link_path_corrupted,2
docs.aspose.org,words,nl,link_path_corrupted,2
docs.aspose.org,words,no,link_path_corrupted,2
docs.aspose.org,words,sv,code_fence_dropped,2
docs.aspose.org,words,th,code_fence_dropped,2
docs.aspose.org,words,th,double_period,2
docs.aspose.org,words,th,link_path_corrupted,2
docs.aspose.org,words,th,partial_script_contamination_gate31,2
docs.aspose.org,words,tr,code_fence_dropped,2
docs.aspose.org,words,uk,code_fence_dropped,2
docs.aspose.org,words,uk,partial_script_contamination_gate31,2
docs.aspose.org,words,vi,code_fence_dropped,2
kb.aspose.org,3d,ar,link_path_corrupted,2
kb.aspose.org,3d,bg,link_path_corrupted,2
kb.aspose.org,3d,cs,link_path_corrupted,2
kb.aspose.org,3d,da,double_period,2
kb.aspose.org,3d,de,link_path_corrupted,2
kb.aspose.org,3d,el,link_path_corrupted,2
kb.aspose.org,3d,es,link_path_corrupted,2
kb.aspose.org,3d,hi,link_path_corrupted,2
kb.aspose.org,3d,hr,code_fence_dropped,2
kb.aspose.org,3d,hr,link_path_corrupted,2
kb.aspose.org,3d,ko,link_path_corrupted,2
kb.aspose.org,3d,lt,link_path_corrupted,2
kb.aspose.org,3d,pl,link_path_corrupted,2
kb.aspose.org,3d,sv,link_path_corrupted,2
kb.aspose.org,3d,vi,code_fence_dropped,2
kb.aspose.org,barcode,tr,code_fence_dropped,2
kb.aspose.org,barcode,vi,code_fence_dropped,2
kb.aspose.org,cells,bg,double_period,2
kb.aspose.org,cells,ca,double_period,2
kb.aspose.org,cells,da,double_period,2
kb.aspose.org,cells,es,double_period,2
kb.aspose.org,cells,fa,double_period,2
kb.aspose.org,cells,fr,double_period,2
kb.aspose.org,cells,he,double_period,2
kb.aspose.org,cells,hi,double_period,2
kb.aspose.org,cells,hu,code_fence_dropped,2
kb.aspose.org,cells,hu,double_period,2
kb.aspose.org,cells,id,code_fence_dropped,2
kb.aspose.org,cells,lt,title_mismatch,2
kb.aspose.org,cells,pt,double_period,2
kb.aspose.org,cells,ro,double_period,2
kb.aspose.org,cells,ru,double_period,2
kb.aspose.org,cells,th,double_period,2
kb.aspose.org,cells,tr,double_period,2
kb.aspose.org,cells,uk,double_period,2
kb.aspose.org,cells,vi,double_period,2
kb.aspose.org,email,it,double_period,2
kb.aspose.org,font,ar,double_period,2
kb.aspose.org,page,es,double_period,2
kb.aspose.org,page,id,link_path_corrupted,2
kb.aspose.org,page,th,double_period,2
kb.aspose.org,page,tr,double_period,2
kb.aspose.org,page,zh,double_period,2
kb.aspose.org,slides,ja,partial_script_contamination_gate31,2
kb.aspose.org,slides,zh,double_period,2
kb.aspose.org,words,es,double_period,2
kb.aspose.org,words,fa,partial_script_contamination_gate31,2
kb.aspose.org,words,fr,double_period,2
kb.aspose.org,words,he,partial_script_contamination_gate31,2
kb.aspose.org,words,ru,double_period,2
kb.aspose.org,words,ru,partial_script_contamination_gate31,2
products.aspose.org,cells,sv,title_mismatch,2
products.aspose.org,cells,th,title_mismatch,2
products.aspose.org,cells,tr,title_mismatch,2
products.aspose.org,cells,uk,title_mismatch,2
products.aspose.org,cells,vi,title_mismatch,2
products.aspose.org,cells,zh,title_mismatch,2
products.aspose.org,pdf,ko,title_mismatch,2
products.aspose.org,pdf,lt,title_mismatch,2
products.aspose.org,pdf,lv,title_mismatch,2
products.aspose.org,pdf,ms,title_mismatch,2
products.aspose.org,pdf,nl,title_mismatch,2
products.aspose.org,pdf,sv,title_mismatch,2
products.aspose.org,pdf,th,title_mismatch,2
products.aspose.org,pdf,tr,title_mismatch,2
products.aspose.org,pdf,uk,title_mismatch,2
products.aspose.org,pdf,vi,title_mismatch,2
products.aspose.org,pdf,zh,title_mismatch,2
reference.aspose.org,3d,es,title_mismatch,2
reference.aspose.org,3d,ja,newline_explosion,2
reference.aspose.org,3d,ja,table_desc_not_translated,2
reference.aspose.org,3d,ms,title_mismatch,2
reference.aspose.org,3d,nl,title_mismatch,2
reference.aspose.org,3d,vi,title_mismatch,2
reference.aspose.org,3d,zh,title_mismatch,2
reference.aspose.org,cells,es,title_mismatch,2
reference.aspose.org,cells,fa,title_mismatch,2
reference.aspose.org,cells,fi,title_mismatch,2
reference.aspose.org,cells,fr,title_mismatch,2
reference.aspose.org,cells,he,title_mismatch,2
reference.aspose.org,cells,hr,title_mismatch,2
reference.aspose.org,cells,hu,title_mismatch,2
reference.aspose.org,cells,id,title_mismatch,2
reference.aspose.org,cells,it,title_mismatch,2
reference.aspose.org,cells,ja,title_mismatch,2
reference.aspose.org,cells,ko,title_mismatch,2
reference.aspose.org,cells,lt,title_mismatch,2
reference.aspose.org,cells,lv,title_mismatch,2
reference.aspose.org,cells,ms,title_mismatch,2
reference.aspose.org,cells,nl,title_mismatch,2
reference.aspose.org,cells,no,title_mismatch,2
reference.aspose.org,cells,pl,title_mismatch,2
reference.aspose.org,cells,pt,title_mismatch,2
reference.aspose.org,cells,ro,title_mismatch,2
reference.aspose.org,cells,ru,title_mismatch,2
reference.aspose.org,cells,sk,title_mismatch,2
reference.aspose.org,cells,sr,shortcode_leak,2
reference.aspose.org,cells,sr,title_mismatch,2
reference.aspose.org,cells,sv,title_mismatch,2
reference.aspose.org,cells,th,title_mismatch,2
reference.aspose.org,cells,tr,title_mismatch,2
reference.aspose.org,cells,uk,title_mismatch,2
reference.aspose.org,cells,vi,title_mismatch,2
reference.aspose.org,cells,zh,title_mismatch,2
reference.aspose.org,note,ar,newline_explosion,2
reference.aspose.org,note,el,newline_explosion,2
reference.aspose.org,note,el,table_desc_not_translated,2
reference.aspose.org,note,hr,newline_explosion,2
reference.aspose.org,note,ja,newline_explosion,2
reference.aspose.org,note,ko,newline_explosion,2
reference.aspose.org,note,sr,newline_explosion,2
reference.aspose.org,note,th,newline_explosion,2
reference.aspose.org,note,th,table_desc_not_translated,2
reference.aspose.org,note,uk,newline_explosion,2
reference.aspose.org,note,uk,table_desc_not_translated,2
reference.aspose.org,pdf,ar,partial_script_contamination_gate31,2
reference.aspose.org,pdf,fa,partial_script_contamination_gate31,2
reference.aspose.org,pdf,he,double_period,2
reference.aspose.org,pdf,ru,partial_script_contamination_gate31,2
reference.aspose.org,pdf,uk,partial_script_contamination_gate31,2
reference.aspose.org,pdf,vi,double_period,2
reference.aspose.org,pdf,zh,partial_script_contamination_gate31,2
reference.aspose.org,slides,es,title_mismatch,2
reference.aspose.org,slides,fa,table_desc_not_translated,2
reference.aspose.org,slides,fa,title_mismatch,2
reference.aspose.org,slides,fi,title_mismatch,2
reference.aspose.org,slides,fr,title_mismatch,2
reference.aspose.org,slides,he,title_mismatch,2
reference.aspose.org,slides,hi,double_period,2
reference.aspose.org,slides,hr,title_mismatch,2
reference.aspose.org,slides,hu,title_mismatch,2
reference.aspose.org,slides,id,title_mismatch,2
reference.aspose.org,slides,it,title_mismatch,2
reference.aspose.org,slides,ja,title_mismatch,2
reference.aspose.org,slides,ko,title_mismatch,2
reference.aspose.org,slides,lt,title_mismatch,2
reference.aspose.org,slides,lv,title_mismatch,2
reference.aspose.org,slides,ms,title_mismatch,2
reference.aspose.org,slides,nl,title_mismatch,2
reference.aspose.org,slides,no,title_mismatch,2
reference.aspose.org,slides,th,double_period,2
reference.aspose.org,words,ar,newline_explosion,2
reference.aspose.org,words,ar,table_desc_not_translated,2
reference.aspose.org,words,bg,newline_explosion,2
reference.aspose.org,words,bg,table_desc_not_translated,2
reference.aspose.org,words,cs,newline_explosion,2
reference.aspose.org,words,da,newline_explosion,2
reference.aspose.org,words,de,newline_explosion,2
websites.aspose.org,conholdate,ar,title_mismatch,2
websites.aspose.org,conholdate,bg,title_mismatch,2
websites.aspose.org,conholdate,ca,title_mismatch,2
websites.aspose.org,conholdate,cs,title_mismatch,2
websites.aspose.org,conholdate,da,title_mismatch,2
websites.aspose.org,conholdate,de,title_mismatch,2
websites.aspose.org,conholdate,el,title_mismatch,2
websites.aspose.org,conholdate,es,title_mismatch,2
websites.aspose.org,conholdate,fa,title_mismatch,2
websites.aspose.org,conholdate,fi,title_mismatch,2
websites.aspose.org,conholdate,fr,title_mismatch,2
websites.aspose.org,conholdate,he,title_mismatch,2
websites.aspose.org,conholdate,hi,title_mismatch,2
websites.aspose.org,conholdate,hr,title_mismatch,2
websites.aspose.org,conholdate,hu,title_mismatch,2
websites.aspose.org,conholdate,it,title_mismatch,2
websites.aspose.org,conholdate,ja,title_mismatch,2
websites.aspose.org,conholdate,ko,title_mismatch,2
websites.aspose.org,conholdate,lt,title_mismatch,2
websites.aspose.org,conholdate,lv,title_mismatch,2
websites.aspose.org,conholdate,ms,title_mismatch,2
websites.aspose.org,conholdate,nl,title_mismatch,2
websites.aspose.org,conholdate,no,title_mismatch,2
websites.aspose.org,conholdate,pl,title_mismatch,2
websites.aspose.org,conholdate,pt,title_mismatch,2
websites.aspose.org,conholdate,ro,title_mismatch,2
websites.aspose.org,conholdate,ru,title_mismatch,2
websites.aspose.org,conholdate,sk,title_mismatch,2
websites.aspose.org,conholdate,sr,title_mismatch,2
websites.aspose.org,conholdate,sv,title_mismatch,2
websites.aspose.org,conholdate,th,title_mismatch,2
websites.aspose.org,conholdate,tr,title_mismatch,2
websites.aspose.org,conholdate,uk,title_mismatch,2
websites.aspose.org,conholdate,vi,title_mismatch,2
websites.aspose.org,conholdate,zh,title_mismatch,2
websites.aspose.org,groupdocs,bg,title_mismatch,2
websites.aspose.org,groupdocs,el,title_mismatch,2
websites.aspose.org,groupdocs,he,title_mismatch,2
websites.aspose.org,groupdocs,id,title_mismatch,2
websites.aspose.org,groupdocs,it,title_mismatch,2
websites.aspose.org,groupdocs,lt,title_mismatch,2
websites.aspose.org,groupdocs,no,title_mismatch,2
blog.aspose.org,3d,ar,code_fence_dropped,1
blog.aspose.org,3d,ar,link_path_corrupted,1
blog.aspose.org,3d,bg,code_fence_dropped,1
blog.aspose.org,3d,bg,link_path_corrupted,1
blog.aspose.org,3d,ca,code_fence_dropped,1
blog.aspose.org,3d,ca,link_path_corrupted,1
blog.aspose.org,3d,cs,code_fence_dropped,1
blog.aspose.org,3d,cs,link_path_corrupted,1
blog.aspose.org,3d,da,code_fence_dropped,1
blog.aspose.org,3d,da,link_path_corrupted,1
blog.aspose.org,3d,de,code_fence_dropped,1
blog.aspose.org,3d,de,link_path_corrupted,1
blog.aspose.org,3d,el,code_fence_dropped,1
blog.aspose.org,3d,el,link_path_corrupted,1
blog.aspose.org,3d,es,code_fence_dropped,1
blog.aspose.org,3d,es,link_path_corrupted,1
blog.aspose.org,3d,fa,code_fence_dropped,1
blog.aspose.org,3d,fa,link_path_corrupted,1
blog.aspose.org,3d,fi,code_fence_dropped,1
blog.aspose.org,3d,fi,link_path_corrupted,1
blog.aspose.org,3d,fr,code_fence_dropped,1
blog.aspose.org,3d,fr,link_path_corrupted,1
blog.aspose.org,3d,he,code_fence_dropped,1
blog.aspose.org,3d,he,link_path_corrupted,1
blog.aspose.org,3d,hi,code_fence_dropped,1
blog.aspose.org,3d,hi,link_path_corrupted,1
blog.aspose.org,3d,hr,code_fence_dropped,1
blog.aspose.org,3d,hr,link_path_corrupted,1
blog.aspose.org,3d,hu,code_fence_dropped,1
blog.aspose.org,3d,hu,link_path_corrupted,1
blog.aspose.org,3d,id,code_fence_dropped,1
blog.aspose.org,3d,id,link_path_corrupted,1
blog.aspose.org,3d,it,code_fence_dropped,1
blog.aspose.org,3d,it,link_path_corrupted,1
blog.aspose.org,3d,ja,code_fence_dropped,1
blog.aspose.org,3d,ja,link_path_corrupted,1
blog.aspose.org,3d,ko,code_fence_dropped,1
blog.aspose.org,3d,ko,link_path_corrupted,1
blog.aspose.org,3d,lt,code_fence_dropped,1
blog.aspose.org,3d,lt,link_path_corrupted,1
blog.aspose.org,3d,lv,code_fence_dropped,1
blog.aspose.org,3d,lv,link_path_corrupted,1
blog.aspose.org,3d,ms,code_fence_dropped,1
blog.aspose.org,3d,ms,link_path_corrupted,1
blog.aspose.org,3d,nl,code_fence_dropped,1
blog.aspose.org,3d,nl,link_path_corrupted,1
blog.aspose.org,3d,no,code_fence_dropped,1
blog.aspose.org,3d,no,link_path_corrupted,1
blog.aspose.org,3d,pl,code_fence_dropped,1
blog.aspose.org,3d,pl,link_path_corrupted,1
blog.aspose.org,3d,pt,code_fence_dropped,1
blog.aspose.org,3d,pt,link_path_corrupted,1
blog.aspose.org,3d,ro,code_fence_dropped,1
blog.aspose.org,3d,ro,link_path_corrupted,1
blog.aspose.org,3d,ru,code_fence_dropped,1
blog.aspose.org,3d,ru,link_path_corrupted,1
blog.aspose.org,3d,sk,code_fence_dropped,1
blog.aspose.org,3d,sk,link_path_corrupted,1
blog.aspose.org,3d,sr,code_fence_dropped,1
blog.aspose.org,3d,sr,link_path_corrupted,1
blog.aspose.org,3d,sv,code_fence_dropped,1
blog.aspose.org,3d,sv,link_path_corrupted,1
blog.aspose.org,3d,th,code_fence_dropped,1
blog.aspose.org,3d,th,link_path_corrupted,1
blog.aspose.org,3d,tr,code_fence_dropped,1
blog.aspose.org,3d,tr,link_path_corrupted,1
blog.aspose.org,3d,uk,code_fence_dropped,1
blog.aspose.org,3d,uk,link_path_corrupted,1
blog.aspose.org,3d,vi,code_fence_dropped,1
blog.aspose.org,3d,vi,link_path_corrupted,1
blog.aspose.org,3d,zh,code_fence_dropped,1
blog.aspose.org,3d,zh,link_path_corrupted,1
blog.aspose.org,cells,ar,code_fence_dropped,1
blog.aspose.org,cells,bg,code_fence_dropped,1
blog.aspose.org,cells,bg,double_period,1
blog.aspose.org,cells,ca,code_fence_dropped,1
blog.aspose.org,cells,cs,code_fence_dropped,1
blog.aspose.org,cells,da,code_fence_dropped,1
blog.aspose.org,cells,de,code_fence_dropped,1
blog.aspose.org,cells,hr,code_fence_dropped,1
blog.aspose.org,cells,hu,code_fence_dropped,1
blog.aspose.org,cells,id,code_fence_dropped,1
blog.aspose.org,cells,id,double_period,1
blog.aspose.org,email,ru,code_fence_dropped,1
blog.aspose.org,font,bg,double_period,1
blog.aspose.org,font,hr,double_period,1
blog.aspose.org,note,ar,code_fence_dropped,1
blog.aspose.org,note,bg,code_fence_dropped,1
blog.aspose.org,note,ca,code_fence_dropped,1
blog.aspose.org,note,cs,code_fence_dropped,1
blog.aspose.org,note,da,code_fence_dropped,1
blog.aspose.org,note,de,code_fence_dropped,1
blog.aspose.org,note,hr,code_fence_dropped,1
blog.aspose.org,note,hu,code_fence_dropped,1
blog.aspose.org,note,id,code_fence_dropped,1
docs.aspose.org,3d,ar,title_mismatch,1
docs.aspose.org,3d,ca,title_mismatch,1
docs.aspose.org,3d,cs,title_mismatch,1
docs.aspose.org,3d,da,title_mismatch,1
docs.aspose.org,3d,es,title_mismatch,1
docs.aspose.org,3d,fa,title_mismatch,1
docs.aspose.org,3d,fi,title_mismatch,1
docs.aspose.org,3d,fr,title_mismatch,1
docs.aspose.org,3d,he,title_mismatch,1
docs.aspose.org,3d,hi,title_mismatch,1
docs.aspose.org,3d,hr,title_mismatch,1
docs.aspose.org,3d,hu,title_mismatch,1
docs.aspose.org,3d,id,title_mismatch,1
docs.aspose.org,3d,ja,title_mismatch,1
docs.aspose.org,3d,ko,title_mismatch,1
docs.aspose.org,3d,lt,title_mismatch,1
docs.aspose.org,3d,nl,title_mismatch,1
docs.aspose.org,3d,no,title_mismatch,1
docs.aspose.org,3d,pl,title_mismatch,1
docs.aspose.org,3d,ro,title_mismatch,1
docs.aspose.org,3d,sk,title_mismatch,1
docs.aspose.org,3d,sv,title_mismatch,1
docs.aspose.org,3d,th,title_mismatch,1
docs.aspose.org,3d,tr,title_mismatch,1
docs.aspose.org,3d,uk,title_mismatch,1
docs.aspose.org,3d,vi,title_mismatch,1
docs.aspose.org,3d,zh,title_mismatch,1
docs.aspose.org,barcode,es,double_period,1
docs.aspose.org,barcode,fi,link_path_corrupted,1
docs.aspose.org,barcode,he,double_period,1
docs.aspose.org,barcode,hr,link_path_corrupted,1
docs.aspose.org,barcode,ko,title_mismatch,1
docs.aspose.org,barcode,lt,title_mismatch,1
docs.aspose.org,barcode,pl,title_mismatch,1
docs.aspose.org,barcode,sr,double_period,1
docs.aspose.org,barcode,sr,title_mismatch,1
docs.aspose.org,barcode,sv,title_mismatch,1
docs.aspose.org,barcode,th,double_period,1
docs.aspose.org,barcode,th,title_mismatch,1
docs.aspose.org,barcode,tr,title_mismatch,1
docs.aspose.org,barcode,uk,title_mismatch,1
docs.aspose.org,barcode,vi,title_mismatch,1
docs.aspose.org,barcode,zh,title_mismatch,1
docs.aspose.org,cells,ar,title_mismatch,1
docs.aspose.org,cells,bg,double_period,1
docs.aspose.org,cells,bg,title_mismatch,1
docs.aspose.org,cells,ca,code_fence_dropped,1
docs.aspose.org,cells,ca,title_mismatch,1
docs.aspose.org,cells,cs,double_period,1
docs.aspose.org,cells,cs,title_mismatch,1
docs.aspose.org,cells,da,double_period,1
docs.aspose.org,cells,da,title_mismatch,1
docs.aspose.org,cells,de,double_period,1
docs.aspose.org,cells,de,title_mismatch,1
docs.aspose.org,cells,el,double_period,1
docs.aspose.org,cells,fr,title_mismatch,1
docs.aspose.org,cells,hr,double_period,1
docs.aspose.org,cells,ko,title_mismatch,1
docs.aspose.org,cells,ms,title_mismatch,1
docs.aspose.org,cells,ru,code_fence_dropped,1
docs.aspose.org,cells,sk,double_period,1
docs.aspose.org,cells,th,code_fence_dropped,1
docs.aspose.org,cells,tr,title_mismatch,1
docs.aspose.org,cells,uk,code_fence_dropped,1
docs.aspose.org,cells,zh,title_mismatch,1
docs.aspose.org,email,ar,double_period,1
docs.aspose.org,email,ar,title_mismatch,1
docs.aspose.org,email,bg,double_period,1
docs.aspose.org,email,bg,title_mismatch,1
docs.aspose.org,email,ca,double_period,1
docs.aspose.org,email,ca,title_mismatch,1
docs.aspose.org,email,cs,double_period,1
docs.aspose.org,email,cs,title_mismatch,1
docs.aspose.org,email,da,double_period,1
docs.aspose.org,email,da,title_mismatch,1
docs.aspose.org,email,de,title_mismatch,1
docs.aspose.org,email,el,double_period,1
docs.aspose.org,email,el,title_mismatch,1
docs.aspose.org,email,es,code_fence_dropped,1
docs.aspose.org,email,es,double_period,1
docs.aspose.org,email,es,title_mismatch,1
docs.aspose.org,email,fa,code_fence_dropped,1
docs.aspose.org,email,fa,double_period,1
docs.aspose.org,email,fi,code_fence_dropped,1
docs.aspose.org,email,fi,double_period,1
docs.aspose.org,email,fr,code_fence_dropped,1
docs.aspose.org,email,fr,double_period,1
docs.aspose.org,email,fr,title_mismatch,1
docs.aspose.org,email,he,code_fence_dropped,1
docs.aspose.org,email,he,double_period,1
docs.aspose.org,email,hi,code_fence_dropped,1
docs.aspose.org,email,hi,double_period,1
docs.aspose.org,email,hr,double_period,1
docs.aspose.org,email,hu,code_fence_dropped,1
docs.aspose.org,email,hu,double_period,1
docs.aspose.org,email,id,code_fence_dropped,1
docs.aspose.org,email,id,double_period,1
docs.aspose.org,email,it,code_fence_dropped,1
docs.aspose.org,email,it,double_period,1
docs.aspose.org,email,ja,code_fence_dropped,1
docs.aspose.org,email,ko,code_fence_dropped,1
docs.aspose.org,email,lt,code_fence_dropped,1
docs.aspose.org,email,lt,double_period,1
docs.aspose.org,email,lv,code_fence_dropped,1
docs.aspose.org,email,lv,double_period,1
docs.aspose.org,email,ms,code_fence_dropped,1
docs.aspose.org,email,ms,double_period,1
docs.aspose.org,email,nl,code_fence_dropped,1
docs.aspose.org,email,nl,double_period,1
docs.aspose.org,email,no,code_fence_dropped,1
docs.aspose.org,email,no,double_period,1
docs.aspose.org,email,pl,code_fence_dropped,1
docs.aspose.org,email,pl,double_period,1
docs.aspose.org,email,pt,double_period,1
docs.aspose.org,email,ro,code_fence_dropped,1
docs.aspose.org,email,ro,double_period,1
docs.aspose.org,email,ru,code_fence_dropped,1
docs.aspose.org,email,ru,double_period,1
docs.aspose.org,email,sk,code_fence_dropped,1
docs.aspose.org,email,sk,double_period,1
docs.aspose.org,email,sr,code_fence_dropped,1
docs.aspose.org,email,sr,double_period,1
docs.aspose.org,email,sv,double_period,1
docs.aspose.org,email,th,code_fence_dropped,1
docs.aspose.org,email,th,double_period,1
docs.aspose.org,email,tr,double_period,1
docs.aspose.org,email,tr,title_mismatch,1
docs.aspose.org,email,uk,code_fence_dropped,1
docs.aspose.org,email,uk,double_period,1
docs.aspose.org,email,vi,double_period,1
docs.aspose.org,email,zh,code_fence_dropped,1
docs.aspose.org,font,ar,title_mismatch,1
docs.aspose.org,font,bg,title_mismatch,1
docs.aspose.org,font,ca,title_mismatch,1
docs.aspose.org,font,cs,link_path_corrupted,1
docs.aspose.org,font,el,title_mismatch,1
docs.aspose.org,font,es,title_mismatch,1
docs.aspose.org,font,fa,link_path_corrupted,1
docs.aspose.org,font,fa,title_mismatch,1
docs.aspose.org,font,fi,link_path_corrupted,1
docs.aspose.org,font,fr,title_mismatch,1
docs.aspose.org,font,he,title_mismatch,1
docs.aspose.org,font,hi,title_mismatch,1
docs.aspose.org,font,hr,title_mismatch,1
docs.aspose.org,font,hu,title_mismatch,1
docs.aspose.org,font,ko,link_path_corrupted,1
docs.aspose.org,font,ko,title_mismatch,1
docs.aspose.org,font,lt,link_path_corrupted,1
docs.aspose.org,font,lt,title_mismatch,1
docs.aspose.org,font,pl,link_path_corrupted,1
docs.aspose.org,font,pl,title_mismatch,1
docs.aspose.org,font,pt,title_mismatch,1
docs.aspose.org,font,ro,title_mismatch,1
docs.aspose.org,font,sr,link_path_corrupted,1
docs.aspose.org,font,sr,title_mismatch,1
docs.aspose.org,font,sv,code_fence_dropped,1
docs.aspose.org,font,sv,title_mismatch,1
docs.aspose.org,font,th,double_period,1
docs.aspose.org,font,th,link_path_corrupted,1
docs.aspose.org,font,th,title_mismatch,1
docs.aspose.org,font,tr,code_fence_dropped,1
docs.aspose.org,font,tr,title_mismatch,1
docs.aspose.org,font,uk,title_mismatch,1
docs.aspose.org,font,vi,code_fence_dropped,1
docs.aspose.org,font,vi,title_mismatch,1
docs.aspose.org,font,zh,title_mismatch,1
docs.aspose.org,note,ar,double_period,1
docs.aspose.org,note,ar,link_path_corrupted,1
docs.aspose.org,note,ar,title_mismatch,1
docs.aspose.org,note,bg,double_period,1
docs.aspose.org,note,bg,link_path_corrupted,1
docs.aspose.org,note,bg,title_mismatch,1
docs.aspose.org,note,ca,double_period,1
docs.aspose.org,note,ca,title_mismatch,1
docs.aspose.org,note,cs,double_period,1
docs.aspose.org,note,cs,link_path_corrupted,1
docs.aspose.org,note,cs,title_mismatch,1
docs.aspose.org,note,da,double_period,1
docs.aspose.org,note,da,title_mismatch,1
docs.aspose.org,note,de,double_period,1
docs.aspose.org,note,de,link_path_corrupted,1
docs.aspose.org,note,de,title_mismatch,1
docs.aspose.org,note,el,double_period,1
docs.aspose.org,note,el,link_path_corrupted,1
docs.aspose.org,note,el,title_mismatch,1
docs.aspose.org,note,es,link_path_corrupted,1
docs.aspose.org,note,es,title_mismatch,1
docs.aspose.org,note,fa,link_path_corrupted,1
docs.aspose.org,note,fi,link_path_corrupted,1
docs.aspose.org,note,fr,title_mismatch,1
docs.aspose.org,note,hi,link_path_corrupted,1
docs.aspose.org,note,hr,double_period,1
docs.aspose.org,note,hr,link_path_corrupted,1
docs.aspose.org,note,hu,double_period,1
docs.aspose.org,note,id,double_period,1
docs.aspose.org,note,id,link_path_corrupted,1
docs.aspose.org,note,it,double_period,1
docs.aspose.org,note,it,link_path_corrupted,1
docs.aspose.org,note,ms,title_mismatch,1
docs.aspose.org,note,pt,double_period,1
docs.aspose.org,note,pt,link_path_corrupted,1
docs.aspose.org,note,ro,double_period,1
docs.aspose.org,note,ro,link_path_corrupted,1
docs.aspose.org,note,ru,double_period,1
docs.aspose.org,note,ru,link_path_corrupted,1
docs.aspose.org,note,sk,double_period,1
docs.aspose.org,note,sv,code_fence_dropped,1
docs.aspose.org,note,sv,link_path_corrupted,1
docs.aspose.org,note,th,link_path_corrupted,1
docs.aspose.org,note,tr,code_fence_dropped,1
docs.aspose.org,note,tr,link_path_corrupted,1
docs.aspose.org,note,tr,title_mismatch,1
docs.aspose.org,note,uk,link_path_corrupted,1
docs.aspose.org,note,vi,code_fence_dropped,1
docs.aspose.org,note,vi,link_path_corrupted,1
docs.aspose.org,note,zh,link_path_corrupted,1
docs.aspose.org,page,ar,title_mismatch,1
docs.aspose.org,page,bg,title_mismatch,1
docs.aspose.org,page,ca,title_mismatch,1
docs.aspose.org,page,cs,title_mismatch,1
docs.aspose.org,page,el,title_mismatch,1
docs.aspose.org,page,es,title_mismatch,1
docs.aspose.org,page,fa,title_mismatch,1
docs.aspose.org,page,fi,title_mismatch,1
docs.aspose.org,page,fr,link_path_corrupted,1
docs.aspose.org,page,fr,title_mismatch,1
docs.aspose.org,page,he,title_mismatch,1
docs.aspose.org,page,hi,title_mismatch,1
docs.aspose.org,page,hr,title_mismatch,1
docs.aspose.org,page,hu,title_mismatch,1
docs.aspose.org,page,id,title_mismatch,1
docs.aspose.org,page,ko,title_mismatch,1
docs.aspose.org,page,lt,title_mismatch,1
docs.aspose.org,page,pl,title_mismatch,1
docs.aspose.org,page,pt,title_mismatch,1
docs.aspose.org,page,ro,title_mismatch,1
docs.aspose.org,page,ru,title_mismatch,1
docs.aspose.org,page,sv,title_mismatch,1
docs.aspose.org,page,th,title_mismatch,1
docs.aspose.org,page,tr,title_mismatch,1
docs.aspose.org,page,uk,title_mismatch,1
docs.aspose.org,page,vi,title_mismatch,1
docs.aspose.org,page,zh,title_mismatch,1
docs.aspose.org,pdf,ar,title_mismatch,1
docs.aspose.org,pdf,bg,title_mismatch,1
docs.aspose.org,pdf,ca,title_mismatch,1
docs.aspose.org,pdf,cs,title_mismatch,1
docs.aspose.org,pdf,el,partial_script_contamination_gate31,1
docs.aspose.org,pdf,el,title_mismatch,1
docs.aspose.org,pdf,es,double_period,1
docs.aspose.org,pdf,es,title_mismatch,1
docs.aspose.org,pdf,fa,title_mismatch,1
docs.aspose.org,pdf,fi,title_mismatch,1
docs.aspose.org,pdf,fr,title_mismatch,1
docs.aspose.org,pdf,he,title_mismatch,1
docs.aspose.org,pdf,hi,title_mismatch,1
docs.aspose.org,pdf,hr,title_mismatch,1
docs.aspose.org,pdf,hu,title_mismatch,1
docs.aspose.org,pdf,ko,table_desc_not_translated,1
docs.aspose.org,pdf,ko,title_mismatch,1
docs.aspose.org,pdf,lt,double_period,1
docs.aspose.org,pdf,lt,title_mismatch,1
docs.aspose.org,pdf,pl,title_mismatch,1
docs.aspose.org,pdf,sv,title_mismatch,1
docs.aspose.org,pdf,th,title_mismatch,1
docs.aspose.org,pdf,tr,title_mismatch,1
docs.aspose.org,pdf,uk,title_mismatch,1
docs.aspose.org,pdf,vi,title_mismatch,1
docs.aspose.org,slides,ar,title_mismatch,1
docs.aspose.org,slides,bg,title_mismatch,1
docs.aspose.org,slides,ca,title_mismatch,1
docs.aspose.org,slides,cs,title_mismatch,1
docs.aspose.org,slides,da,title_mismatch,1
docs.aspose.org,slides,de,title_mismatch,1
docs.aspose.org,slides,el,title_mismatch,1
docs.aspose.org,slides,fa,double_period,1
docs.aspose.org,slides,fi,double_period,1
docs.aspose.org,slides,fr,double_period,1
docs.aspose.org,slides,fr,title_mismatch,1
docs.aspose.org,slides,hi,double_period,1
docs.aspose.org,slides,lt,double_period,1
docs.aspose.org,slides,lt,link_path_corrupted,1
docs.aspose.org,slides,ms,double_period,1
docs.aspose.org,slides,tr,title_mismatch,1
docs.aspose.org,tex,ar,title_mismatch,1
docs.aspose.org,tex,bg,title_mismatch,1
docs.aspose.org,tex,ca,title_mismatch,1
docs.aspose.org,tex,el,title_mismatch,1
docs.aspose.org,tex,es,double_period,1
docs.aspose.org,tex,es,link_path_corrupted,1
docs.aspose.org,tex,es,title_mismatch,1
docs.aspose.org,tex,fa,link_path_corrupted,1
docs.aspose.org,tex,fa,title_mismatch,1
docs.aspose.org,tex,fr,link_path_corrupted,1
docs.aspose.org,tex,fr,title_mismatch,1
docs.aspose.org,tex,he,title_mismatch,1
docs.aspose.org,tex,hi,title_mismatch,1
docs.aspose.org,tex,hr,title_mismatch,1
docs.aspose.org,tex,hu,link_path_corrupted,1
docs.aspose.org,tex,hu,title_mismatch,1
docs.aspose.org,tex,ko,link_path_corrupted,1
docs.aspose.org,tex,ko,title_mismatch,1
docs.aspose.org,tex,lt,link_path_corrupted,1
docs.aspose.org,tex,lt,title_mismatch,1
docs.aspose.org,tex,pl,title_mismatch,1
docs.aspose.org,tex,pt,title_mismatch,1
docs.aspose.org,tex,ro,link_path_corrupted,1
docs.aspose.org,tex,ro,title_mismatch,1
docs.aspose.org,tex,ru,title_mismatch,1
docs.aspose.org,tex,sr,link_path_corrupted,1
docs.aspose.org,tex,sr,title_mismatch,1
docs.aspose.org,tex,sv,title_mismatch,1
docs.aspose.org,tex,tr,title_mismatch,1
docs.aspose.org,tex,uk,title_mismatch,1
docs.aspose.org,tex,vi,title_mismatch,1
docs.aspose.org,tex,zh,title_mismatch,1
docs.aspose.org,words,ar,title_mismatch,1
docs.aspose.org,words,bg,title_mismatch,1
docs.aspose.org,words,ca,title_mismatch,1
docs.aspose.org,words,da,title_mismatch,1
docs.aspose.org,words,de,double_period,1
docs.aspose.org,words,de,title_mismatch,1
docs.aspose.org,words,el,title_mismatch,1
docs.aspose.org,words,es,empty_body,1
docs.aspose.org,words,es,title_mismatch,1
docs.aspose.org,words,fa,empty_body,1
docs.aspose.org,words,fa,title_mismatch,1
docs.aspose.org,words,fi,empty_body,1
docs.aspose.org,words,fr,empty_body,1
docs.aspose.org,words,fr,title_mismatch,1
docs.aspose.org,words,he,empty_body,1
docs.aspose.org,words,he,title_mismatch,1
docs.aspose.org,words,hi,empty_body,1
docs.aspose.org,words,hi,title_mismatch,1
docs.aspose.org,words,hr,title_mismatch,1
docs.aspose.org,words,hu,empty_body,1
docs.aspose.org,words,hu,title_mismatch,1
docs.aspose.org,words,id,empty_body,1
docs.aspose.org,words,id,title_mismatch,1
docs.aspose.org,words,it,empty_body,1
docs.aspose.org,words,it,title_mismatch,1
docs.aspose.org,words,ja,empty_body,1
docs.aspose.org,words,ja,link_path_corrupted,1
docs.aspose.org,words,ko,empty_body,1
docs.aspose.org,words,ko,title_mismatch,1
docs.aspose.org,words,lt,empty_body,1
docs.aspose.org,words,lt,title_mismatch,1
docs.aspose.org,words,lv,empty_body,1
docs.aspose.org,words,ms,empty_body,1
docs.aspose.org,words,nl,empty_body,1
docs.aspose.org,words,no,empty_body,1
docs.aspose.org,words,pl,empty_body,1
docs.aspose.org,words,pl,link_path_corrupted,1
docs.aspose.org,words,pl,title_mismatch,1
docs.aspose.org,words,pt,title_mismatch,1
docs.aspose.org,words,ro,empty_body,1
docs.aspose.org,words,ro,title_mismatch,1
docs.aspose.org,words,ru,empty_body,1
docs.aspose.org,words,ru,title_mismatch,1
docs.aspose.org,words,sk,empty_body,1
docs.aspose.org,words,sk,title_mismatch,1
docs.aspose.org,words,sr,double_period,1
docs.aspose.org,words,sr,empty_body,1
docs.aspose.org,words,sr,link_path_corrupted,1
docs.aspose.org,words,sr,title_mismatch,1
docs.aspose.org,words,sv,double_period,1
docs.aspose.org,words,sv,empty_body,1
docs.aspose.org,words,sv,title_mismatch,1
docs.aspose.org,words,th,title_mismatch,1
docs.aspose.org,words,tr,empty_body,1
docs.aspose.org,words,tr,title_mismatch,1
docs.aspose.org,words,uk,empty_body,1
docs.aspose.org,words,uk,title_mismatch,1
docs.aspose.org,words,vi,empty_body,1
docs.aspose.org,words,vi,title_mismatch,1
docs.aspose.org,words,zh,empty_body,1
docs.aspose.org,words,zh,title_mismatch,1
kb.aspose.org,3d,ar,title_mismatch,1
kb.aspose.org,3d,bg,double_period,1
kb.aspose.org,3d,ca,link_path_corrupted,1
kb.aspose.org,3d,ca,title_mismatch,1
kb.aspose.org,3d,cs,title_mismatch,1
kb.aspose.org,3d,da,link_path_corrupted,1
kb.aspose.org,3d,da,title_mismatch,1
kb.aspose.org,3d,de,double_period,1
kb.aspose.org,3d,el,double_period,1
kb.aspose.org,3d,es,title_mismatch,1
kb.aspose.org,3d,fa,title_mismatch,1
kb.aspose.org,3d,fi,title_mismatch,1
kb.aspose.org,3d,fr,title_mismatch,1
kb.aspose.org,3d,he,title_mismatch,1
kb.aspose.org,3d,hi,title_mismatch,1
kb.aspose.org,3d,hr,double_period,1
kb.aspose.org,3d,hr,title_mismatch,1
kb.aspose.org,3d,hu,title_mismatch,1
kb.aspose.org,3d,ja,title_mismatch,1
kb.aspose.org,3d,ko,title_mismatch,1
kb.aspose.org,3d,lt,title_mismatch,1
kb.aspose.org,3d,nl,title_mismatch,1
kb.aspose.org,3d,no,title_mismatch,1
kb.aspose.org,3d,pl,double_period,1
kb.aspose.org,3d,pl,title_mismatch,1
kb.aspose.org,3d,pt,double_period,1
kb.aspose.org,3d,pt,link_path_corrupted,1
kb.aspose.org,3d,ro,title_mismatch,1
kb.aspose.org,3d,sk,title_mismatch,1
kb.aspose.org,3d,sv,double_period,1
kb.aspose.org,3d,sv,title_mismatch,1
kb.aspose.org,3d,th,code_fence_dropped,1
kb.aspose.org,3d,th,title_mismatch,1
kb.aspose.org,3d,tr,title_mismatch,1
kb.aspose.org,3d,uk,title_mismatch,1
kb.aspose.org,3d,vi,title_mismatch,1
kb.aspose.org,3d,zh,title_mismatch,1
kb.aspose.org,barcode,ar,code_fence_dropped,1
kb.aspose.org,barcode,bg,code_fence_dropped,1
kb.aspose.org,barcode,el,code_fence_dropped,1
kb.aspose.org,barcode,es,code_fence_dropped,1
kb.aspose.org,barcode,fr,code_fence_dropped,1
kb.aspose.org,barcode,he,code_fence_dropped,1
kb.aspose.org,barcode,hu,code_fence_dropped,1
kb.aspose.org,barcode,ko,title_mismatch,1
kb.aspose.org,barcode,lt,title_mismatch,1
kb.aspose.org,barcode,pt,code_fence_dropped,1
kb.aspose.org,barcode,ro,code_fence_dropped,1
kb.aspose.org,barcode,sr,title_mismatch,1
kb.aspose.org,barcode,th,code_fence_dropped,1
kb.aspose.org,barcode,th,title_mismatch,1
kb.aspose.org,barcode,tr,title_mismatch,1
kb.aspose.org,barcode,uk,code_fence_dropped,1
kb.aspose.org,barcode,uk,title_mismatch,1
kb.aspose.org,barcode,vi,title_mismatch,1
kb.aspose.org,barcode,zh,title_mismatch,1
kb.aspose.org,cells,ar,title_mismatch,1
kb.aspose.org,cells,bg,title_mismatch,1
kb.aspose.org,cells,ca,code_fence_dropped,1
kb.aspose.org,cells,ca,title_mismatch,1
kb.aspose.org,cells,cs,title_mismatch,1
kb.aspose.org,cells,da,title_mismatch,1
kb.aspose.org,cells,de,title_mismatch,1
kb.aspose.org,cells,el,double_period,1
kb.aspose.org,cells,el,title_mismatch,1
kb.aspose.org,cells,es,title_mismatch,1
kb.aspose.org,cells,fa,code_fence_dropped,1
kb.aspose.org,cells,fa,title_mismatch,1
kb.aspose.org,cells,fi,double_period,1
kb.aspose.org,cells,fi,title_mismatch,1
kb.aspose.org,cells,fr,title_mismatch,1
kb.aspose.org,cells,hr,double_period,1
kb.aspose.org,cells,hr,title_mismatch,1
kb.aspose.org,cells,hu,title_mismatch,1
kb.aspose.org,cells,id,double_period,1
kb.aspose.org,cells,id,link_path_corrupted,1
kb.aspose.org,cells,id,title_mismatch,1
kb.aspose.org,cells,it,double_period,1
kb.aspose.org,cells,ja,title_mismatch,1
kb.aspose.org,cells,ko,title_mismatch,1
kb.aspose.org,cells,lt,double_period,1
kb.aspose.org,cells,lv,double_period,1
kb.aspose.org,cells,lv,title_mismatch,1
kb.aspose.org,cells,ms,double_period,1
kb.aspose.org,cells,ms,title_mismatch,1
kb.aspose.org,cells,nl,double_period,1
kb.aspose.org,cells,no,double_period,1
kb.aspose.org,cells,pl,double_period,1
kb.aspose.org,cells,pl,title_mismatch,1
kb.aspose.org,cells,pt,title_mismatch,1
kb.aspose.org,cells,ro,title_mismatch,1
kb.aspose.org,cells,ru,title_mismatch,1
kb.aspose.org,cells,sk,double_period,1
kb.aspose.org,cells,sk,title_mismatch,1
kb.aspose.org,cells,sr,double_period,1
kb.aspose.org,cells,sv,double_period,1
kb.aspose.org,cells,th,code_fence_dropped,1
kb.aspose.org,cells,th,title_mismatch,1
kb.aspose.org,cells,tr,title_mismatch,1
kb.aspose.org,cells,uk,code_fence_dropped,1
kb.aspose.org,cells,uk,title_mismatch,1
kb.aspose.org,cells,vi,title_mismatch,1
kb.aspose.org,cells,zh,title_mismatch,1
kb.aspose.org,email,ar,title_mismatch,1
kb.aspose.org,email,bg,title_mismatch,1
kb.aspose.org,email,cs,double_period,1
kb.aspose.org,email,cs,title_mismatch,1
kb.aspose.org,email,da,double_period,1
kb.aspose.org,email,da,title_mismatch,1
kb.aspose.org,email,de,double_period,1
kb.aspose.org,email,de,title_mismatch,1
kb.aspose.org,email,el,title_mismatch,1
kb.aspose.org,email,es,title_mismatch,1
kb.aspose.org,email,fa,double_period,1
kb.aspose.org,email,fa,partial_script_contamination_gate31,1
kb.aspose.org,email,fi,double_period,1
kb.aspose.org,email,fr,title_mismatch,1
kb.aspose.org,email,hi,title_mismatch,1
kb.aspose.org,email,hr,double_period,1
kb.aspose.org,email,hr,title_mismatch,1
kb.aspose.org,email,hu,double_period,1
kb.aspose.org,email,ja,double_period,1
kb.aspose.org,email,ja,partial_script_contamination_gate31,1
kb.aspose.org,email,ko,title_mismatch,1
kb.aspose.org,email,nl,double_period,1
kb.aspose.org,email,no,title_mismatch,1
kb.aspose.org,email,pl,double_period,1
kb.aspose.org,email,pl,title_mismatch,1
kb.aspose.org,email,pt,title_mismatch,1
kb.aspose.org,email,sk,double_period,1
kb.aspose.org,email,tr,title_mismatch,1
kb.aspose.org,font,ar,title_mismatch,1
kb.aspose.org,font,bg,title_mismatch,1
kb.aspose.org,font,ca,code_fence_dropped,1
kb.aspose.org,font,ca,title_mismatch,1
kb.aspose.org,font,cs,title_mismatch,1
kb.aspose.org,font,el,title_mismatch,1
kb.aspose.org,font,es,title_mismatch,1
kb.aspose.org,font,fa,code_fence_dropped,1
kb.aspose.org,font,fa,title_mismatch,1
kb.aspose.org,font,fi,title_mismatch,1
kb.aspose.org,font,fr,title_mismatch,1
kb.aspose.org,font,he,title_mismatch,1
kb.aspose.org,font,hi,code_fence_dropped,1
kb.aspose.org,font,hi,title_mismatch,1
kb.aspose.org,font,hu,code_fence_dropped,1
kb.aspose.org,font,hu,title_mismatch,1
kb.aspose.org,font,ko,title_mismatch,1
kb.aspose.org,font,lt,title_mismatch,1
kb.aspose.org,font,pt,title_mismatch,1
kb.aspose.org,font,ro,title_mismatch,1
kb.aspose.org,font,ru,code_fence_dropped,1
kb.aspose.org,font,sr,title_mismatch,1
kb.aspose.org,font,sv,title_mismatch,1
kb.aspose.org,font,th,code_fence_dropped,1
kb.aspose.org,font,th,title_mismatch,1
kb.aspose.org,font,tr,title_mismatch,1
kb.aspose.org,font,uk,code_fence_dropped,1
kb.aspose.org,font,uk,title_mismatch,1
kb.aspose.org,font,vi,title_mismatch,1
kb.aspose.org,font,zh,title_mismatch,1
kb.aspose.org,note,ar,title_mismatch,1
kb.aspose.org,note,bg,title_mismatch,1
kb.aspose.org,note,ca,title_mismatch,1
kb.aspose.org,note,cs,title_mismatch,1
kb.aspose.org,note,da,title_mismatch,1
kb.aspose.org,note,de,double_period,1
kb.aspose.org,note,de,title_mismatch,1
kb.aspose.org,note,el,title_mismatch,1
kb.aspose.org,note,es,title_mismatch,1
kb.aspose.org,note,fa,double_period,1
kb.aspose.org,note,fa,partial_script_contamination_gate31,1
kb.aspose.org,note,fi,title_mismatch,1
kb.aspose.org,note,fr,double_period,1
kb.aspose.org,note,fr,title_mismatch,1
kb.aspose.org,note,he,shortcode_leak,1
kb.aspose.org,note,he,title_mismatch,1
kb.aspose.org,note,hi,title_mismatch,1
kb.aspose.org,note,ja,double_period,1
kb.aspose.org,note,ja,partial_script_contamination_gate31,1
kb.aspose.org,note,ko,title_mismatch,1
kb.aspose.org,note,lv,double_period,1
kb.aspose.org,note,ms,title_mismatch,1
kb.aspose.org,note,pl,title_mismatch,1
kb.aspose.org,note,pt,title_mismatch,1
kb.aspose.org,note,ru,double_period,1
kb.aspose.org,note,sr,double_period,1
kb.aspose.org,note,th,title_mismatch,1
kb.aspose.org,note,tr,double_period,1
kb.aspose.org,note,tr,title_mismatch,1
kb.aspose.org,note,zh,double_period,1
kb.aspose.org,note,zh,title_mismatch,1
kb.aspose.org,page,ar,double_period,1
kb.aspose.org,page,ar,link_path_corrupted,1
kb.aspose.org,page,ar,title_mismatch,1
kb.aspose.org,page,bg,double_period,1
kb.aspose.org,page,bg,link_path_corrupted,1
kb.aspose.org,page,bg,title_mismatch,1
kb.aspose.org,page,ca,double_period,1
kb.aspose.org,page,ca,link_path_corrupted,1
kb.aspose.org,page,ca,title_mismatch,1
kb.aspose.org,page,cs,double_period,1
kb.aspose.org,page,cs,link_path_corrupted,1
kb.aspose.org,page,cs,title_mismatch,1
kb.aspose.org,page,el,double_period,1
kb.aspose.org,page,el,link_path_corrupted,1
kb.aspose.org,page,el,title_mismatch,1
kb.aspose.org,page,es,title_mismatch,1
kb.aspose.org,page,fa,double_period,1
kb.aspose.org,page,fa,link_path_corrupted,1
kb.aspose.org,page,fa,title_mismatch,1
kb.aspose.org,page,fi,double_period,1
kb.aspose.org,page,fi,link_path_corrupted,1
kb.aspose.org,page,fi,title_mismatch,1
kb.aspose.org,page,fr,double_period,1
kb.aspose.org,page,fr,link_path_corrupted,1
kb.aspose.org,page,fr,title_mismatch,1
kb.aspose.org,page,he,double_period,1
kb.aspose.org,page,he,link_path_corrupted,1
kb.aspose.org,page,he,title_mismatch,1
kb.aspose.org,page,hi,double_period,1
kb.aspose.org,page,hi,link_path_corrupted,1
kb.aspose.org,page,hi,title_mismatch,1
kb.aspose.org,page,hr,double_period,1
kb.aspose.org,page,hr,link_path_corrupted,1
kb.aspose.org,page,hr,title_mismatch,1
kb.aspose.org,page,hu,double_period,1
kb.aspose.org,page,hu,link_path_corrupted,1
kb.aspose.org,page,hu,title_mismatch,1
kb.aspose.org,page,id,title_mismatch,1
kb.aspose.org,page,ko,title_mismatch,1
kb.aspose.org,page,lt,double_period,1
kb.aspose.org,page,lt,title_mismatch,1
kb.aspose.org,page,pt,double_period,1
kb.aspose.org,page,pt,link_path_corrupted,1
kb.aspose.org,page,pt,title_mismatch,1
kb.aspose.org,page,ro,double_period,1
kb.aspose.org,page,ro,link_path_corrupted,1
kb.aspose.org,page,ro,title_mismatch,1
kb.aspose.org,page,ru,double_period,1
kb.aspose.org,page,ru,title_mismatch,1
kb.aspose.org,page,sr,double_period,1
kb.aspose.org,page,sr,title_mismatch,1
kb.aspose.org,page,sv,link_path_corrupted,1
kb.aspose.org,page,sv,title_mismatch,1
kb.aspose.org,page,th,title_mismatch,1
kb.aspose.org,page,tr,title_mismatch,1
kb.aspose.org,page,uk,double_period,1
kb.aspose.org,page,uk,link_path_corrupted,1
kb.aspose.org,page,uk,title_mismatch,1
kb.aspose.org,page,vi,link_path_corrupted,1
kb.aspose.org,page,vi,title_mismatch,1
kb.aspose.org,page,zh,title_mismatch,1
kb.aspose.org,pdf,ar,title_mismatch,1
kb.aspose.org,pdf,bg,double_period,1
kb.aspose.org,pdf,bg,title_mismatch,1
kb.aspose.org,pdf,ca,title_mismatch,1
kb.aspose.org,pdf,cs,title_mismatch,1
kb.aspose.org,pdf,el,title_mismatch,1
kb.aspose.org,pdf,es,title_mismatch,1
kb.aspose.org,pdf,fa,title_mismatch,1
kb.aspose.org,pdf,fi,title_mismatch,1
kb.aspose.org,pdf,fr,title_mismatch,1
kb.aspose.org,pdf,he,title_mismatch,1
kb.aspose.org,pdf,hi,title_mismatch,1
kb.aspose.org,pdf,hr,title_mismatch,1
kb.aspose.org,pdf,hu,title_mismatch,1
kb.aspose.org,pdf,ko,title_mismatch,1
kb.aspose.org,pdf,lt,title_mismatch,1
kb.aspose.org,pdf,pt,title_mismatch,1
kb.aspose.org,pdf,ro,title_mismatch,1
kb.aspose.org,pdf,sr,title_mismatch,1
kb.aspose.org,pdf,sv,title_mismatch,1
kb.aspose.org,pdf,th,title_mismatch,1
kb.aspose.org,pdf,tr,title_mismatch,1
kb.aspose.org,pdf,uk,title_mismatch,1
kb.aspose.org,pdf,vi,title_mismatch,1
kb.aspose.org,pdf,zh,table_desc_not_translated,1
kb.aspose.org,pdf,zh,title_mismatch,1
kb.aspose.org,slides,ar,title_mismatch,1
kb.aspose.org,slides,bg,title_mismatch,1
kb.aspose.org,slides,ca,title_mismatch,1
kb.aspose.org,slides,cs,title_mismatch,1
kb.aspose.org,slides,da,title_mismatch,1
kb.aspose.org,slides,de,title_mismatch,1
kb.aspose.org,slides,el,title_mismatch,1
kb.aspose.org,slides,es,title_mismatch,1
kb.aspose.org,slides,fa,double_period,1
kb.aspose.org,slides,fa,partial_script_contamination_gate31,1
kb.aspose.org,slides,fr,double_period,1
kb.aspose.org,slides,fr,title_mismatch,1
kb.aspose.org,slides,hi,title_mismatch,1
kb.aspose.org,slides,ja,double_period,1
kb.aspose.org,slides,ko,double_period,1
kb.aspose.org,slides,ko,title_mismatch,1
kb.aspose.org,slides,lv,double_period,1
kb.aspose.org,slides,ms,title_mismatch,1
kb.aspose.org,slides,nl,double_period,1
kb.aspose.org,slides,pl,title_mismatch,1
kb.aspose.org,slides,pt,title_mismatch,1
kb.aspose.org,slides,ru,double_period,1
kb.aspose.org,slides,sk,title_mismatch,1
kb.aspose.org,slides,sr,double_period,1
kb.aspose.org,slides,sv,title_mismatch,1
kb.aspose.org,slides,tr,title_mismatch,1
kb.aspose.org,slides,zh,partial_script_contamination_gate31,1
kb.aspose.org,tex,ar,title_mismatch,1
kb.aspose.org,tex,ca,title_mismatch,1
kb.aspose.org,tex,cs,title_mismatch,1
kb.aspose.org,tex,el,title_mismatch,1
kb.aspose.org,tex,es,title_mismatch,1
kb.aspose.org,tex,fa,title_mismatch,1
kb.aspose.org,tex,fi,title_mismatch,1
kb.aspose.org,tex,fr,title_mismatch,1
kb.aspose.org,tex,he,title_mismatch,1
kb.aspose.org,tex,hi,title_mismatch,1
kb.aspose.org,tex,hr,title_mismatch,1
kb.aspose.org,tex,ko,title_mismatch,1
kb.aspose.org,tex,lt,title_mismatch,1
kb.aspose.org,tex,pt,title_mismatch,1
kb.aspose.org,tex,ro,title_mismatch,1
kb.aspose.org,tex,ru,title_mismatch,1
kb.aspose.org,tex,th,title_mismatch,1
kb.aspose.org,tex,tr,title_mismatch,1
kb.aspose.org,tex,uk,title_mismatch,1
kb.aspose.org,tex,vi,title_mismatch,1
kb.aspose.org,words,ar,double_period,1
kb.aspose.org,words,ar,title_mismatch,1
kb.aspose.org,words,bg,double_period,1
kb.aspose.org,words,bg,title_mismatch,1
kb.aspose.org,words,ca,link_path_corrupted,1
kb.aspose.org,words,ca,title_mismatch,1
kb.aspose.org,words,cs,title_mismatch,1
kb.aspose.org,words,da,title_mismatch,1
kb.aspose.org,words,de,title_mismatch,1
kb.aspose.org,words,el,double_period,1
kb.aspose.org,words,el,title_mismatch,1
kb.aspose.org,words,es,title_mismatch,1
kb.aspose.org,words,fa,title_mismatch,1
kb.aspose.org,words,fi,double_period,1
kb.aspose.org,words,fi,title_mismatch,1
kb.aspose.org,words,fr,title_mismatch,1
kb.aspose.org,words,he,title_mismatch,1
kb.aspose.org,words,hi,double_period,1
kb.aspose.org,words,hi,title_mismatch,1
kb.aspose.org,words,hr,double_period,1
kb.aspose.org,words,hr,title_mismatch,1
kb.aspose.org,words,hu,double_period,1
kb.aspose.org,words,hu,title_mismatch,1
kb.aspose.org,words,id,link_path_corrupted,1
kb.aspose.org,words,id,title_mismatch,1
kb.aspose.org,words,it,double_period,1
kb.aspose.org,words,it,title_mismatch,1
kb.aspose.org,words,ja,double_period,1
kb.aspose.org,words,ja,partial_script_contamination_gate31,1
kb.aspose.org,words,ja,title_mismatch,1
kb.aspose.org,words,ko,double_period,1
kb.aspose.org,words,ko,title_mismatch,1
kb.aspose.org,words,lt,title_mismatch,1
kb.aspose.org,words,ms,title_mismatch,1
kb.aspose.org,words,nl,title_mismatch,1
kb.aspose.org,words,no,title_mismatch,1
kb.aspose.org,words,pl,title_mismatch,1
kb.aspose.org,words,pt,double_period,1
kb.aspose.org,words,pt,title_mismatch,1
kb.aspose.org,words,ro,double_period,1
kb.aspose.org,words,ro,title_mismatch,1
kb.aspose.org,words,ru,title_mismatch,1
kb.aspose.org,words,sk,title_mismatch,1
kb.aspose.org,words,sv,title_mismatch,1
kb.aspose.org,words,th,double_period,1
kb.aspose.org,words,th,title_mismatch,1
kb.aspose.org,words,tr,double_period,1
kb.aspose.org,words,tr,title_mismatch,1
kb.aspose.org,words,uk,double_period,1
kb.aspose.org,words,uk,title_mismatch,1
kb.aspose.org,words,vi,double_period,1
kb.aspose.org,words,vi,title_mismatch,1
kb.aspose.org,words,zh,partial_script_contamination_gate31,1
kb.aspose.org,words,zh,title_mismatch,1
products.aspose.org,cells,ko,title_mismatch,1
products.aspose.org,cells,lt,title_mismatch,1
products.aspose.org,cells,ms,title_mismatch,1
products.aspose.org,cells,nl,title_mismatch,1
products.aspose.org,cells,pl,title_mismatch,1
products.aspose.org,cells,pt,title_mismatch,1
products.aspose.org,cells,ro,title_mismatch,1
products.aspose.org,cells,ru,title_mismatch,1
products.aspose.org,cells,sk,title_mismatch,1
products.aspose.org,cells,sr,title_mismatch,1
products.aspose.org,page,sv,title_mismatch,1
products.aspose.org,page,th,title_mismatch,1
products.aspose.org,page,tr,title_mismatch,1
products.aspose.org,page,uk,title_mismatch,1
products.aspose.org,page,vi,title_mismatch,1
products.aspose.org,page,zh,title_mismatch,1
products.aspose.org,pdf,el,title_mismatch,1
products.aspose.org,pdf,es,title_mismatch,1
products.aspose.org,pdf,fa,title_mismatch,1
products.aspose.org,pdf,fi,title_mismatch,1
products.aspose.org,pdf,fr,title_mismatch,1
products.aspose.org,pdf,he,title_mismatch,1
products.aspose.org,pdf,hi,title_mismatch,1
products.aspose.org,pdf,hr,title_mismatch,1
products.aspose.org,pdf,hu,title_mismatch,1
products.aspose.org,pdf,id,title_mismatch,1
products.aspose.org,pdf,it,title_mismatch,1
products.aspose.org,pdf,ja,title_mismatch,1
products.aspose.org,slides,el,title_mismatch,1
products.aspose.org,slides,fa,title_mismatch,1
products.aspose.org,slides,fi,title_mismatch,1
products.aspose.org,slides,fr,title_mismatch,1
products.aspose.org,slides,he,title_mismatch,1
products.aspose.org,slides,ko,title_mismatch,1
products.aspose.org,slides,lt,title_mismatch,1
products.aspose.org,slides,lv,title_mismatch,1
products.aspose.org,slides,ms,title_mismatch,1
products.aspose.org,slides,nl,title_mismatch,1
products.aspose.org,slides,pl,title_mismatch,1
products.aspose.org,slides,pt,title_mismatch,1
products.aspose.org,slides,ro,title_mismatch,1
products.aspose.org,slides,ru,title_mismatch,1
products.aspose.org,slides,sk,title_mismatch,1
products.aspose.org,slides,sr,title_mismatch,1
products.aspose.org,slides,sv,title_mismatch,1
products.aspose.org,slides,th,title_mismatch,1
products.aspose.org,slides,tr,title_mismatch,1
products.aspose.org,slides,uk,title_mismatch,1
products.aspose.org,slides,vi,title_mismatch,1
products.aspose.org,slides,zh,title_mismatch,1
products.aspose.org,tex,ar,title_mismatch,1
products.aspose.org,tex,bg,title_mismatch,1
products.aspose.org,tex,ca,title_mismatch,1
products.aspose.org,tex,cs,title_mismatch,1
products.aspose.org,tex,da,title_mismatch,1
products.aspose.org,tex,de,title_mismatch,1
products.aspose.org,tex,el,title_mismatch,1
products.aspose.org,tex,es,title_mismatch,1
products.aspose.org,tex,fa,title_mismatch,1
products.aspose.org,tex,fi,title_mismatch,1
products.aspose.org,tex,fr,title_mismatch,1
products.aspose.org,tex,he,title_mismatch,1
products.aspose.org,tex,hi,title_mismatch,1
products.aspose.org,tex,hr,title_mismatch,1
products.aspose.org,tex,hu,title_mismatch,1
products.aspose.org,tex,id,title_mismatch,1
products.aspose.org,tex,it,title_mismatch,1
products.aspose.org,tex,ja,title_mismatch,1
products.aspose.org,tex,ko,title_mismatch,1
products.aspose.org,tex,lt,title_mismatch,1
products.aspose.org,tex,lv,title_mismatch,1
products.aspose.org,tex,ms,title_mismatch,1
products.aspose.org,tex,nl,title_mismatch,1
products.aspose.org,tex,no,title_mismatch,1
products.aspose.org,words,ar,title_mismatch,1
products.aspose.org,words,cs,title_mismatch,1
products.aspose.org,words,da,title_mismatch,1
products.aspose.org,words,de,title_mismatch,1
products.aspose.org,words,el,title_mismatch,1
products.aspose.org,words,fa,title_mismatch,1
products.aspose.org,words,fi,title_mismatch,1
products.aspose.org,words,fr,title_mismatch,1
products.aspose.org,words,he,title_mismatch,1
products.aspose.org,words,hi,title_mismatch,1
products.aspose.org,words,hr,title_mismatch,1
products.aspose.org,words,hu,title_mismatch,1
products.aspose.org,words,id,title_mismatch,1
products.aspose.org,words,it,title_mismatch,1
products.aspose.org,words,lt,title_mismatch,1
products.aspose.org,words,lv,title_mismatch,1
products.aspose.org,words,ms,title_mismatch,1
products.aspose.org,words,pl,title_mismatch,1
products.aspose.org,words,pt,title_mismatch,1
products.aspose.org,words,ro,title_mismatch,1
reference.aspose.org,3d,ar,link_path_corrupted,1
reference.aspose.org,3d,bg,link_path_corrupted,1
reference.aspose.org,3d,ca,link_path_corrupted,1
reference.aspose.org,3d,cs,link_path_corrupted,1
reference.aspose.org,3d,da,link_path_corrupted,1
reference.aspose.org,3d,de,link_path_corrupted,1
reference.aspose.org,3d,el,link_path_corrupted,1
reference.aspose.org,3d,es,linktitle_mismatch,1
reference.aspose.org,3d,fa,linktitle_mismatch,1
reference.aspose.org,3d,fa,title_mismatch,1
reference.aspose.org,3d,fi,linktitle_mismatch,1
reference.aspose.org,3d,fi,title_mismatch,1
reference.aspose.org,3d,fr,linktitle_mismatch,1
reference.aspose.org,3d,fr,title_mismatch,1
reference.aspose.org,3d,he,linktitle_mismatch,1
reference.aspose.org,3d,he,title_mismatch,1
reference.aspose.org,3d,hi,linktitle_mismatch,1
reference.aspose.org,3d,hi,title_mismatch,1
reference.aspose.org,3d,hr,link_path_corrupted,1
reference.aspose.org,3d,hr,linktitle_mismatch,1
reference.aspose.org,3d,hr,shortcode_leak,1
reference.aspose.org,3d,hr,title_mismatch,1
reference.aspose.org,3d,hu,link_path_corrupted,1
reference.aspose.org,3d,hu,linktitle_mismatch,1
reference.aspose.org,3d,hu,title_mismatch,1
reference.aspose.org,3d,id,link_path_corrupted,1
reference.aspose.org,3d,id,linktitle_mismatch,1
reference.aspose.org,3d,id,title_mismatch,1
reference.aspose.org,3d,it,linktitle_mismatch,1
reference.aspose.org,3d,it,title_mismatch,1
reference.aspose.org,3d,ja,linktitle_mismatch,1
reference.aspose.org,3d,ja,title_mismatch,1
reference.aspose.org,3d,ko,linktitle_mismatch,1
reference.aspose.org,3d,ko,title_mismatch,1
reference.aspose.org,3d,lt,linktitle_mismatch,1
reference.aspose.org,3d,lt,title_mismatch,1
reference.aspose.org,3d,lv,linktitle_mismatch,1
reference.aspose.org,3d,lv,title_mismatch,1
reference.aspose.org,3d,ms,linktitle_mismatch,1
reference.aspose.org,3d,ms,shortcode_leak,1
reference.aspose.org,3d,nl,linktitle_mismatch,1
reference.aspose.org,3d,no,linktitle_mismatch,1
reference.aspose.org,3d,no,title_mismatch,1
reference.aspose.org,3d,pl,linktitle_mismatch,1
reference.aspose.org,3d,pl,title_mismatch,1
reference.aspose.org,3d,pt,link_path_corrupted,1
reference.aspose.org,3d,pt,linktitle_mismatch,1
reference.aspose.org,3d,pt,title_mismatch,1
reference.aspose.org,3d,ro,link_path_corrupted,1
reference.aspose.org,3d,ro,linktitle_mismatch,1
reference.aspose.org,3d,ro,title_mismatch,1
reference.aspose.org,3d,ru,link_path_corrupted,1
reference.aspose.org,3d,ru,linktitle_mismatch,1
reference.aspose.org,3d,ru,title_mismatch,1
reference.aspose.org,3d,sk,link_path_corrupted,1
reference.aspose.org,3d,sk,linktitle_mismatch,1
reference.aspose.org,3d,sk,title_mismatch,1
reference.aspose.org,3d,sr,linktitle_mismatch,1
reference.aspose.org,3d,sr,shortcode_leak,1
reference.aspose.org,3d,sr,title_mismatch,1
reference.aspose.org,3d,sv,linktitle_mismatch,1
reference.aspose.org,3d,sv,title_mismatch,1
reference.aspose.org,3d,th,linktitle_mismatch,1
reference.aspose.org,3d,th,title_mismatch,1
reference.aspose.org,3d,tr,linktitle_mismatch,1
reference.aspose.org,3d,tr,title_mismatch,1
reference.aspose.org,3d,uk,linktitle_mismatch,1
reference.aspose.org,3d,uk,title_mismatch,1
reference.aspose.org,3d,vi,linktitle_mismatch,1
reference.aspose.org,3d,zh,linktitle_mismatch,1
reference.aspose.org,cells,el,linktitle_mismatch,1
reference.aspose.org,cells,el,title_mismatch,1
reference.aspose.org,cells,hi,title_mismatch,1
reference.aspose.org,cells,hr,shortcode_leak,1
reference.aspose.org,cells,ja,newline_explosion,1
reference.aspose.org,cells,ko,newline_explosion,1
reference.aspose.org,cells,ru,double_period,1
reference.aspose.org,cells,sv,double_period,1
reference.aspose.org,cells,tr,double_period,1
reference.aspose.org,email,ar,table_desc_not_translated,1
reference.aspose.org,email,fa,table_desc_not_translated,1
reference.aspose.org,email,hi,table_desc_not_translated,1
reference.aspose.org,email,ru,table_desc_not_translated,1
reference.aspose.org,email,vi,table_desc_not_translated,1
reference.aspose.org,email,zh,table_desc_not_translated,1
reference.aspose.org,font,he,table_desc_not_translated,1
reference.aspose.org,note,ar,table_desc_not_translated,1
reference.aspose.org,note,ca,newline_explosion,1
reference.aspose.org,note,cs,newline_explosion,1
reference.aspose.org,note,da,newline_explosion,1
reference.aspose.org,note,de,newline_explosion,1
reference.aspose.org,note,fr,title_mismatch,1
reference.aspose.org,pdf,bg,partial_script_contamination_gate31,1
reference.aspose.org,pdf,he,table_desc_not_translated,1
reference.aspose.org,pdf,hi,partial_script_contamination_gate31,1
reference.aspose.org,pdf,vi,table_desc_not_translated,1
reference.aspose.org,slides,el,table_desc_not_translated,1
reference.aspose.org,slides,el,title_mismatch,1
reference.aspose.org,slides,es,newline_explosion,1
reference.aspose.org,slides,fa,newline_explosion,1
reference.aspose.org,slides,fa,partial_script_contamination_gate31,1
reference.aspose.org,slides,fi,double_period,1
reference.aspose.org,slides,fi,newline_explosion,1
reference.aspose.org,slides,fr,newline_explosion,1
reference.aspose.org,slides,he,newline_explosion,1
reference.aspose.org,slides,hi,partial_script_contamination_gate31,1
reference.aspose.org,slides,hi,title_mismatch,1
reference.aspose.org,slides,hr,shortcode_leak,1
reference.aspose.org,slides,pl,double_period,1
reference.aspose.org,slides,pl,title_mismatch,1
reference.aspose.org,slides,pt,title_mismatch,1
reference.aspose.org,slides,ro,double_period,1
reference.aspose.org,slides,ro,title_mismatch,1
reference.aspose.org,slides,ru,title_mismatch,1
reference.aspose.org,slides,sk,title_mismatch,1
reference.aspose.org,slides,sr,shortcode_leak,1
reference.aspose.org,slides,sr,title_mismatch,1
reference.aspose.org,slides,sv,title_mismatch,1
reference.aspose.org,slides,th,partial_script_contamination_gate31,1
reference.aspose.org,slides,th,title_mismatch,1
reference.aspose.org,slides,tr,double_period,1
reference.aspose.org,slides,uk,double_period,1
reference.aspose.org,slides,uk,partial_script_contamination_gate31,1
reference.aspose.org,slides,uk,table_desc_not_translated,1
reference.aspose.org,slides,uk,title_mismatch,1
reference.aspose.org,slides,vi,title_mismatch,1
reference.aspose.org,slides,zh,double_period,1
reference.aspose.org,slides,zh,title_mismatch,1
reference.aspose.org,words,ca,newline_explosion,1
reference.aspose.org,words,el,table_desc_not_translated,1
reference.aspose.org,words,hi,partial_script_contamination_gate31,1
reference.aspose.org,words,hr,newline_explosion,1
reference.aspose.org,words,hu,newline_explosion,1
reference.aspose.org,words,id,newline_explosion,1
reference.aspose.org,words,ja,table_desc_not_translated,1
reference.aspose.org,words,ko,table_desc_not_translated,1
reference.aspose.org,words,pt,newline_explosion,1
reference.aspose.org,words,ro,newline_explosion,1
reference.aspose.org,words,ru,newline_explosion,1
reference.aspose.org,words,th,partial_script_contamination_gate31,1
reference.aspose.org,words,th,table_desc_not_translated,1
reference.aspose.org,words,uk,partial_script_contamination_gate31,1
reference.aspose.org,words,uk,table_desc_not_translated,1
reference.aspose.org,words,vi,table_desc_not_translated,1
reference.aspose.org,words,zh,partial_script_contamination_gate31,1
reference.aspose.org,words,zh,table_desc_not_translated,1
websites.aspose.org,conholdate,id,title_mismatch,1
websites.aspose.org,groupdocs,ar,title_mismatch,1
websites.aspose.org,groupdocs,cs,title_mismatch,1
websites.aspose.org,groupdocs,da,title_mismatch,1
websites.aspose.org,groupdocs,de,title_mismatch,1
websites.aspose.org,groupdocs,hr,title_mismatch,1
websites.aspose.org,groupdocs,hu,title_mismatch,1
websites.aspose.org,groupdocs,lv,title_mismatch,1
websites.aspose.org,groupdocs,ms,title_mismatch,1
websites.aspose.org,groupdocs,nl,title_mismatch,1
websites.aspose.org,groupdocs,ro,title_mismatch,1
websites.aspose.org,groupdocs,sk,title_mismatch,1
websites.aspose.org,groupdocs,sr,title_mismatch,1
